IEC ID,AGCHO_ID,ps_total,pc_total,lat,long,dist_name,prov_name,ANPO_obs_count,AYNSO_obs_count,FEFA_obs_count,TEFA_obs_count,NLO_obs_count,Total_Observers
101,101,2092,382,69.1541342457,34.5195352637,Kabul,Kabul,0,0,710,240,103,1053
102,104,88,21,68.937163245,34.5480799536,Paghman,Kabul,0,0,30,14,5,49
103,105,46,14,69.072739383,34.3870978554,Chahar Asyab,Kabul,0,0,16,9,2,27
104,107,57,16,69.3361711272,34.4835525981,Bagrami,Kabul,0,0,19,21,5,45
105,102,72,15,69.3079994573,34.6655495374,Deh Sabz,Kabul,0,0,24,6,4,34
106,103,73,14,69.0357111886,34.6638452948,Shakardara,Kabul,0,0,25,8,3,36
107,106,28,8,69.2187647199,34.3685943034,Musayi,Kabul,0,0,9,9,4,22
108,110,44,12,69.118229651,34.7272652699,Mir Bacha Kot,Kabul,0,0,15,8,6,29
109,112,25,9,69.4340059843,34.3653895665,Khak-e- Jabbar,Kabul,0,0,8,5,3,16
110,109,29,8,69.1755859913,34.7625074613,Kalakan,Kabul,0,0,10,20,2,32
111,111,26,6,68.9953085443,34.7480128112,Guldara,Kabul,0,0,9,6,5,20
112,115,25,8,69.0177009388,34.7940158009,Farza,Kabul,0,0,8,4,2,14
113,114,25,7,69.023529029,34.8484739245,Estalef,Kabul,0,0,8,20,1,29
114,108,74,18,69.1762968674,34.8493859789,Qarabagh,Kabul,0,0,25,24,4,53
115,113,66,19,69.7041991309,34.5282038096,Surobi,Kabul,0,0,22,17,6,45
201,201,83,18,69.4209169531,35.0048203182,Mahmud-e- Raqi,Kapisa,0,0,42,10,11,63
202,204,27,7,69.3324946342,35.0734180006,Hisa Duwum-e- Kohestan,Kapisa,0,0,14,6,5,25
203,203,30,9,69.4734267794,35.1052007768,Koh Band,Kapisa,0,0,15,0,0,15
204,207,57,13,69.3448151536,35.1386357468,Hesa Awal-e- Kohestan,Kapisa,0,0,29,0,23,52
205,202,63,26,69.6459756262,35.0462799517,Nejrab,Kapisa,0,0,32,14,14,60
206,205,36,10,69.6793036828,34.7945588032,Tagab,Kapisa,0,0,18,0,0,18
207,206,4,1,69.809128212,34.9256032273,Alasay,Kapisa,0,0,0,5,1,6
301,301,130,36,69.1420424353,34.9881849817,Chaharikar,Parwan,0,0,77,33,8,118
302,304,97,24,69.3306933636,34.9239492898,Bagram,Parwan,0,0,57,21,7,85
303,303,16,6,68.9708124019,35.12034903,Shinwari,Parwan,0,0,9,4,5,18
304,305,35,13,69.2651244478,35.0465207669,Sayd Khel,Parwan,0,0,21,9,11,41
305,302,60,15,69.1855817878,35.1226541643,Jabalussaraj,Parwan,0,0,36,23,19,78
306,306,22,9,69.1513108301,35.2769211809,Salang,Parwan,0,0,13,12,8,33
307,307,18,6,68.7877470937,35.0107820246,Syah Gerd,Parwan,0,0,11,11,0,22
308,308,20,8,69.4721890749,34.7605776828,Koh-e- Safi,Parwan,0,0,12,9,0,21
309,310,23,11,68.626224722,34.7650012866,Surkhe Parsa,Parwan,0,0,14,7,0,21
310,309,21,10,68.4188910112,34.9467885608,Shekh  Ali,Parwan,0,0,12,9,2,23
401,401,59,13,68.8246761176,34.4439436177,Maydan Shahr,Wardak,0,0,23,23,25,71
402,403,47,18,68.7644112443,34.3206000393,Nerkh,Wardak,0,0,18,11,10,39
403,402,34,11,68.5821434188,34.5254340552,Jalrez,Wardak,0,0,13,0,6,19
404,406,81,25,68.4905642617,34.1082237293,Chak,Wardak,0,0,31,0,1,32
405,407,88,35,68.6573058061,33.9248494896,Saydabad,Wardak,0,0,33,0,0,33
406,405,29,8,68.3054281409,34.2186501012,Day Mirdad,Wardak,0,0,11,0,0,11
407,404,25,9,68.1918667015,34.5312146324,Hesa Awal-e- Behsud,Wardak,0,0,9,0,5,14
408,409,30,11,68.3556931148,33.837466863,Jaghatu,Wardak,0,0,11,0,2,13
409,408,69,30,67.6912335547,34.4046583215,Markaz-e-Behsud,Wardak,0,0,26,8,7,41
501,501,113,21,69.053480077,33.972288065,Pul-e- Alam,Logar,19,0,49,25,0,93
502,504,61,16,68.8852327175,33.9299136275,Baraki Barak,Logar,13,0,26,7,0,46
503,505,31,5,68.9196198505,33.8159390631,Charkh,Logar,8,0,0,0,0,8
504,502,24,4,69.2748209544,34.0012554876,Khoshi,Logar,7,0,10,0,0,17
505,503,69,19,69.1793585884,34.2097327179,Mohammad Agha,Logar,19,0,30,28,0,77
506,506,32,6,68.8923824013,33.6948654236,Kharwar,Logar,0,0,0,0,0,0
507,507,47,6,69.6253120845,34.1086956759,Azra,Logar,0,0,20,0,0,20
601,601,271,44,70.4635295398,34.4218870028,Jalalabad,Nangarhar,37,0,115,35,0,187
602,602,120,25,70.508989598,34.4427638309,Behsud,Nangarhar,13,0,51,18,0,82
603,603,86,25,70.276582329,34.3947359805,Surkh Rod,Nangarhar,20,0,36,12,0,68
604,605,44,19,70.373343389,34.2908008428,Chaparhar,Nangarhar,0,0,0,0,0,0
605,607,103,41,70.6562491664,34.4430079432,Kama,Nangarhar,12,0,44,0,0,56
606,608,70,29,70.6070101277,34.5591387678,Kuz Kunar,Nangarhar,6,0,30,0,0,36
607,606,55,20,70.5682249537,34.2730056652,Rodat,Nangarhar,5,0,23,0,0,28
608,604,55,16,70.1184737326,34.2284499592,Khowgiani,Nangarhar,0,0,23,5,0,28
609,615,58,19,70.7565309327,34.2893851682,Bati Kot,Nangarhar,0,0,22,0,0,22
610,613,14,4,70.4438376229,34.0882188935,Deh Bala,Nangarhar,0,0,6,3,0,9
611,612,21,8,70.2809234985,34.0870414784,Pachier Agam,Nangarhar,0,0,6,0,0,6
612,609,59,23,70.5858853205,34.7065383401,Dara-e-Nur,Nangarhar,0,0,25,0,0,25
613,614,35,13,70.5952862716,34.1531821758,Kot,Nangarhar,0,0,15,0,0,15
614,616,45,19,70.8674427416,34.4483154794,Goshta,Nangarhar,0,0,0,0,0,0
615,617,54,21,70.6649902674,34.0600529426,Achin,Nangarhar,0,0,0,0,0,0
616,618,56,17,70.7958106824,34.2057519039,Shinwar,Nangarhar,0,0,24,0,0,24
617,619,62,19,70.9985832811,34.2110681777,Muhmand Dara,Nangarhar,0,0,26,4,0,30
618,620,23,4,71.0247165394,34.3334787911,Lal Pur,Nangarhar,0,0,10,5,0,15
619,611,12,3,69.9801613608,34.1935835372,Sherzad,Nangarhar,0,0,5,5,0,10
620,621,25,8,70.8257013037,34.0555474306,Nazian,Nangarhar,0,0,0,0,0,0
621,610,16,6,69.7687167633,34.2794790093,Hesarak,Nangarhar,0,0,0,0,0,0
622,622,32,10,70.9630500641,34.0979156558,Dur Baba,Nangarhar,0,0,13,1,0,14
701,701,114,26,70.0943999963,34.6515888504,Mehtarlam,Laghman,79,0,59,9,0,147
702,703,92,23,70.1728446867,34.5314858768,Qarghayi,Laghman,2,0,44,7,0,53
703,702,45,13,70.0837674204,34.8254262577,Alishang,Laghman,0,0,20,13,0,33
704,704,50,16,70.4107567128,34.8172639534,Alingar,Laghman,0,0,29,12,0,41
705,705,52,16,69.9993403599,35.0357786293,Daulat Shah,Laghman,0,0,23,0,0,23
801,801,35,10,69.5106254975,35.3749889018,Bazarak,Panjsher,0,0,22,0,31,53
802,803,29,10,69.478343417,35.2668684325,Rukha,Panjsher,0,0,18,0,17,35
803,804,41,14,69.7695722318,35.2358369873,Dara,Panjsher,0,0,26,0,9,35
804,805,45,14,69.7843750889,35.42941786,Khenj (Hes-e- Awal),Panjsher,0,0,29,0,0,29
805,806,35,14,69.4052891436,35.2240105748,Onaba(Anawa),Panjsher,0,0,0,0,10,10
806,802,28,11,69.3030774109,35.2930286747,Shutul,Panjsher,0,0,18,0,11,29
807,807,53,24,70.0432728162,35.6474956397,Parian,Panjsher,0,0,34,0,0,34
808,9993,25,11,69.7844909055,35.2521639536,Abshar,Panjsher,0,0,0,0,8,8
901,901,198,47,68.6682588853,36.0102549326,Pul-e- khumri,Baghlan,0,0,86,29,27,142
902,903,62,23,68.4584132843,35.8229806136,Dahana-e-Ghory,Baghlan,0,0,27,0,8,35
903,904,87,24,68.6659055363,35.6208807371,Dushi,Baghlan,0,0,38,5,1,44
904,905,81,26,69.028391007,35.9982243709,Nahrin,Baghlan,0,0,35,0,20,55
905,902,151,46,68.6242849104,36.3268994428,Baghlan-e-jadid,Baghlan,0,0,66,30,0,96
906,907,26,9,68.9736031904,35.4713098601,Khenjan,Baghlan,0,0,11,0,2,13
907,908,31,9,69.1786065035,35.6240488405,Andarab,Baghlan,0,0,13,6,2,21
908,912,28,11,69.3637679891,35.7448115859,Deh Salah,Baghlan,0,0,12,2,0,14
909,909,45,14,69.2939161033,35.966007815,Khwaja Hejran,Baghlan,0,0,20,0,0,20
910,910,58,18,69.1629052889,36.2408392159,Burka,Baghlan,0,0,25,0,0,25
911,906,37,12,68.3806806878,35.2752463848,Tala wa barfak,Baghlan,0,0,16,0,0,16
912,911,19,9,69.5603359679,35.5835627656,Pul-e-Hesar,Baghlan,0,0,8,10,0,18
913,913,51,21,69.6653022883,35.9043995961,Khowst wa Fereng,Baghlan,0,0,22,0,3,25
914,914,14,4,69.5747336768,36.2294968797,Guzargah-e- Nur,Baghlan,0,0,6,4,0,10
915,915,18,8,69.6813542046,36.1368654752,Firing Wa Gharu,Baghlan,0,0,8,0,0,8
1001,1001,86,23,67.6843343184,34.7946311322,Bamyan,Bamyan,0,0,37,0,17,54
1002,1005,35,14,68.0392788218,34.9221220018,Shibar,Bamyan,0,0,15,0,5,20
1003,1002,48,20,67.610460879,35.1180190907,Sayghan,Bamyan,0,0,21,0,6,27
1004,1006,43,19,67.7756708836,35.3569543122,Kahmard,Bamyan,0,0,0,0,1,1
1005,1003,90,36,66.9480191869,34.979039967,Yakawlang,Bamyan,0,0,38,0,15,53
1006,1004,72,28,66.9304617968,34.4220582021,Panjab,Bamyan,0,0,31,0,14,45
1007,1007,117,48,66.9733326512,34.1513849384,Waras,Bamyan,0,0,50,0,7,57
1101,1101,243,50,68.4366685804,33.5342331224,Ghazni,Ghazni,46,0,78,0,0,124
1102,1103,5,1,68.298941186,33.5590456509,Wali Muhammad-e- Shahid,Ghazni,0,0,0,0,0,0
1103,1102,13,4,68.4221508546,33.6755617073,Khwaja Umari,Ghazni,6,0,6,0,0,12
1104,1104,21,5,68.2119533405,33.4091274599,Waghaz,Ghazni,0,0,0,0,0,0
1105,1106,29,9,68.6527661089,33.4749280813,Deh Yak,Ghazni,7,0,11,0,0,18
1106,1109,62,18,68.068518036,33.5282177265,Jaghatu,Ghazni,0,0,22,0,0,22
1107,1105,83,28,68.4479595404,33.3055525661,Andar,Ghazni,0,0,29,0,0,29
1108,1107,8,2,68.6659037375,33.6791600533,Zana Khan,Ghazni,0,0,0,0,0,0
1109,1108,10,3,68.1475875098,33.6975790848,Rashidan,Ghazni,0,0,3,0,0,3
1110,1112,90,33,67.7405775367,33.8457593255,Nawur,Ghazni,0,0,26,0,0,26
1111,1110,122,45,67.9874020851,33.2209793191,Qarabagh,Ghazni,7,0,41,0,0,48
1112,1111,5,1,68.3458930883,33.0630995401,Giro,Ghazni,0,0,0,0,0,0
1113,1115,18,7,68.0636273142,32.88349853,Ab Band,Ghazni,0,0,0,0,0,0
1114,1113,140,36,67.4638357288,33.1434049414,Jaghuri,Ghazni,8,0,41,0,0,49
1115,1114,38,11,67.781802104,32.9403461157,Muqur,Ghazni,0,0,0,0,0,0
1116,1117,83,27,67.2432254682,33.2983640389,Malestan,Ghazni,0,0,23,0,0,23
1117,1118,24,6,67.6545526611,32.7133842114,Gelan,Ghazni,0,0,0,0,0,0
1118,1116,9,1,67.1088549928,33.5157311224,Ajrestan,Ghazni,0,0,0,0,0,0
1201,2501,100,27,68.7284972407,33.2001769836,Sharan,Paktika,21,0,56,0,0,77
1202,2502,32,10,68.8861115302,33.2970484314,Mata Khan,Paktika,3,0,18,0,0,21
1203,2503,27,7,68.6457448789,33.0499346519,Yosuf Khel,Paktika,4,0,15,0,0,19
1204,2506,30,10,68.6623510009,32.9230756279,Yahya Khel,Paktika,4,0,17,0,0,21
1205,2504,38,14,69.0389449024,33.0630586464,Sar Hawzeh(Rawzeh),Paktika,4,0,21,0,0,25
1206,2507,17,6,68.8132593978,32.8942001587,Omna,Paktika,0,0,0,0,0,0
1207,2505,64,24,68.4778211193,32.8536746674,Zarghun Shahr,Paktika,0,0,36,0,0,36
1208,2508,73,24,68.9466333141,32.3888955522,Gomal,Paktika,0,0,25,0,0,25
1209,2512,45,15,68.4805050209,32.6651233792,Jani Khel,Paktika,0,0,22,0,0,22
1210,2509,40,16,69.0458747336,32.7522105311,Sarobi,Paktika,0,0,0,0,0,0
1211,2510,66,28,69.1930208907,32.9781339368,Urgun,Paktika,0,0,37,0,0,37
1212,2517,25,10,69.3268333051,33.1558226891,Ziruk,Paktika,0,0,13,0,0,13
1213,2511,26,8,69.2400343432,33.2065182446,Nika,Paktika,0,0,0,0,0,0
1214,2515,69,21,69.2752686216,32.7144249576,Bermel (Burmul),Paktika,0,0,0,0,0,0
1215,2516,38,12,69.399341768,32.9751476867,Gian,Paktika,0,0,0,0,0,0
1216,2518,30,8,68.1308586165,32.5633220418,Dila,Paktika,0,0,0,0,0,0
1217,2513,40,11,68.3273332297,32.2490062761,Waza Khah,Paktika,0,0,0,0,0,0
1218,2514,40,12,68.8349492284,31.9333983478,Wor Mamay,Paktika,0,0,0,0,0,0
1219,2519,13,3,68.3137072377,31.9062308613,Turwo (Tarwe),Paktika,0,0,0,0,0,0
1301,1201,114,22,69.2419830066,33.6013558978,Gardez,Paktya,24,0,53,16,0,93
1302,1203,51,12,69.3392083178,33.7732702663,Ahmadaba,Paktya,9,0,23,0,0,32
1303,1204,96,34,69.0417588677,33.4240177716,Zurmat,Paktya,0,0,0,0,0,0
1304,1205,13,2,69.3703033881,33.4520978148,Shawak,Paktya,0,0,6,0,0,6
1305,1206,52,19,69.4069751454,33.373602126,Zadran,Paktya,0,0,24,0,0,24
1306,1202,55,20,69.4790801568,33.71248069,Sayed Karam,Paktya,16,0,25,8,0,49
1307,1208,107,28,69.672607239,33.977664248,Ali Khel (Jaji),Paktya,18,0,49,9,0,76
1308,1207,39,15,69.6341292901,33.81558664,Lija Ahmad Khel,Paktya,0,0,18,4,0,22
1309,1209,35,11,69.7873189198,33.6553378994,Jani Khel,Paktya,0,0,0,0,0,0
1310,1210,53,13,69.7974411852,33.783605592,Chamkani,Paktya,0,0,24,4,0,28
1311,1211,37,13,69.910671086,33.7914789472,Dand wa Patan,Paktya,0,0,18,0,0,18
1312,9992,38,14,69.6484219688,33.7556878375,Laja Mangal,Paktya,0,0,0,2,0,2
1313,9997,26,9,69.5165825971,33.7978234561,Meerzaka,Paktya,6,0,0,3,0,9
1401,2601,217,50,70.0037943445,33.3404630159,Khost(Matun),Khost,32,0,103,0,0,135
1402,2605,53,21,69.7800672096,33.3166291189,Mando Zayi,Khost,11,0,25,0,0,36
1403,2607,37,10,69.9423277574,33.2020885267,Gurbuz,Khost,4,0,18,0,0,22
1404,2606,66,17,69.7306413264,33.1925696241,Tani,Khost,13,0,31,0,0,44
1405,2603,41,12,69.6674875507,33.571405159,Musa Khel,Khost,0,0,0,0,0,0
1406,2604,32,14,69.6826473168,33.3811886539,Nadir Shah Kot,Khost,0,0,15,0,0,15
1407,2602,32,5,69.9116227962,33.5433619107,Sabri,Khost,0,0,0,0,0,0
1408,2608,63,14,70.1905639028,33.3833396937,Tere Zayi,Khost,0,0,30,0,0,30
1409,2612,29,7,70.0767057051,33.5300965107,Bak,Khost,0,0,14,0,0,14
1410,2609,25,8,69.6591772953,33.4921652332,Qalandar,Khost,0,0,12,0,0,12
1411,2611,38,12,69.491355701,33.1566594954,Spera,Khost,0,0,0,0,0,0
1412,2610,21,6,69.5323927364,33.3140135799,Shamal (Shamul),Khost,0,0,10,0,0,10
1413,2613,43,10,70.0789467631,33.6405512025,Jaji Maydan,Khost,4,0,20,0,0,24
1501,1301,65,10,71.1300311264,34.8683173275,Asad Abad,Kunar,20,0,28,0,0,48
1502,1305,17,4,71.2286065397,34.86205767,Marawara,Kunar,4,0,0,0,0,4
1503,1302,17,4,71.0818274482,34.9961028332,Wata Pur,Kunar,0,0,0,0,0,0
1504,1303,24,7,71.0044557099,34.8017817643,Narang,Kunar,4,0,10,0,0,14
1505,1304,20,4,71.1185777222,34.7505526241,Sarkani,Kunar,0,0,9,0,0,9
1506,1306,30,6,71.225195529,35.0361549744,Shigal wa shel tan,Kunar,8,0,13,0,0,21
1507,1307,41,13,70.9163810263,34.9530679523,Dara-e-Pech,Kunar,0,0,0,0,0,0
1508,1311,23,7,71.3776895089,35.0718683369,Bar Kunar,Kunar,0,0,0,0,0,0
1509,1308,29,7,70.8665018918,34.7399735695,Chawkay,Kunar,0,0,13,0,0,13
1510,1309,37,10,70.9385986652,34.6127281864,Khas Kunar,Kunar,0,0,16,0,0,16
1511,1312,15,3,71.3297867036,35.2326953163,Ghazi Abad,Kunar,0,0,0,0,0,0
1512,1310,14,3,71.4369644863,35.001690216,Dangam,Kunar,0,0,0,0,0,0
1513,1313,18,4,70.7032260509,34.9590008412,Chapa Dara,Kunar,0,0,0,0,0,0
1514,1314,26,6,70.7310387571,34.6937782311,Nurgal,Kunar,0,0,11,0,0,11
1515,1315,26,6,71.5405291509,35.2676687377,Nari,Kunar,0,0,0,0,0,0
1601,1401,23,7,70.8020520402,35.4078960502,Poruns,Nuristan,11,0,12,0,0,23
1602,1406,19,5,71.0262340273,35.2256138019,Waygal,Nuristan,0,0,7,0,0,7
1603,1405,32,7,70.7955526352,35.1822801897,Wama,Nuristan,3,0,17,0,0,20
1604,1404,21,6,70.4686106686,35.0742517912,Nurgaram,Nuristan,1,0,11,0,0,12
1605,1403,5,2,70.3777508415,35.2214884156,Du Ab,Nuristan,0,0,3,0,0,3
1606,1407,15,3,71.3145229299,35.4835602555,Kamdesh,Nuristan,0,0,0,0,0,0
1608,1408,31,7,71.2541438485,35.7747270378,Barg-e- Matal,Nuristan,0,0,0,0,0,0
1701,1501,95,25,70.6134811307,37.2163414682,Faiz Abad,Badakhshan,0,0,59,0,23,82
1702,1503,95,27,70.4252903739,37.0634672734,Argo,Badakhshan,0,0,59,1,6,66
1703,1504,18,6,70.8214733007,37.2662372064,Arghanj Khwa,Badakhshan,0,0,0,5,3,8
1704,1502,55,17,70.3709704028,37.3119811349,Yaftal-e-Sufla,Badakhshan,0,0,34,0,0,34
1705,1511,25,6,70.7256633133,36.9403076979,Khash,Badakhshan,0,0,0,0,5,5
1706,1512,23,10,70.9012025423,37.0290144999,Baharak,Badakhshan,0,0,15,7,7,29
1707,1510,43,13,70.4664552217,36.8721304002,Darayem,Badakhshan,0,0,27,1,8,36
1708,1505,19,8,70.65626736,37.4211683886,Kohistan,Badakhshan,0,0,0,0,0,0
1709,1507,33,13,70.3803032664,37.5282081041,Yawan,Badakhshan,0,0,0,0,0,0
1710,1521,24,8,70.9063551962,36.740047373,Jorm,Badakhshan,0,0,16,0,0,16
1711,1509,27,12,70.3959129225,36.7702199842,Teshkan,Badakhshan,0,0,17,0,6,23
1712,1513,20,8,71.1637637096,37.1042606685,Shuhada,Badakhshan,0,0,12,0,0,12
1713,1508,41,16,70.1354589179,37.3412806143,Shahr-e-Buzorg,Badakhshan,0,0,25,9,0,34
1714,1506,33,9,70.6734321014,37.660785554,Raghistan,Badakhshan,0,0,0,0,0,0
1715,1518,63,19,70.1325487324,36.7722055703,Keshem,Badakhshan,0,0,39,0,6,45
1716,1522,27,9,71.1823575799,36.7570756602,Warduj,Badakhshan,0,0,17,2,0,19
1717,1519,5,2,70.3496317247,36.4827597386,Tagab,Badakhshan,0,0,7,0,0,7
1718,1520,32,10,70.7913078678,36.4368425832,Yamgan,Badakhshan,0,0,0,0,0,0
1719,1514,29,9,71.2439061962,37.6011181203,Shighnan,Badakhshan,0,0,0,2,0,2
1720,1517,22,8,70.3938487529,37.8371989181,Khwahan,Badakhshan,0,0,0,0,0,0
1721,1516,23,7,70.6913850072,37.943129711,Kof Ab,Badakhshan,0,0,0,0,0,0
1722,1524,18,7,70.9114039267,38.2278547582,Darwaz,Badakhshan,0,0,0,5,0,5
1723,1523,20,8,71.4623914038,36.853460029,Ishkashem,Badakhshan,0,0,12,0,0,12
1724,1525,18,7,70.6517312685,38.2065117739,Shaki,Badakhshan,0,0,0,3,0,3
1725,1527,9,4,71.3421288624,36.4265748904,Zebak,Badakhshan,0,0,6,0,0,6
1726,1526,14,5,70.7683186476,35.9299366926,Koran wa Monjan,Badakhshan,0,0,0,0,0,0
1727,1515,25,8,71.1549626762,38.1291974522,Darwaz-e-Balla,Badakhshan,0,0,0,3,0,3
1728,1528,22,10,73.3496236189,37.0572181817,Wakhan,Badakhshan,0,0,0,0,0,0
1801,1601,189,38,69.6088231744,36.7406135106,Taloqan,Takhar,0,0,94,0,29,123
1802,1602,15,6,69.5696716405,36.9263297714,Hazar Sumuch,Takhar,0,0,8,0,5,13
1803,1603,39,9,69.3953136347,36.8328795117,Baharak,Takhar,0,0,19,0,1,20
1804,1604,28,5,69.3380699844,36.6133739777,Bangi,Takhar,0,0,14,0,0,14
1805,1605,23,6,69.5591938666,36.4973962325,Chal,Takhar,0,0,12,0,0,12
1806,1606,18,5,69.7148800193,36.4715551064,Namak Ab,Takhar,0,0,9,0,0,9
1807,1608,39,10,69.9148808737,36.7877070056,Kalafgan,Takhar,0,0,19,0,0,19
1808,1607,39,11,69.9608269839,36.4698995365,Farkhar,Takhar,0,0,19,0,7,26
1809,1614,55,14,69.3979535354,37.0183127264,Khwaja Ghar,Takhar,0,0,27,0,8,35
1810,1609,134,36,69.8172777075,37.1062025083,Rostaq,Takhar,0,0,67,0,1,68
1811,1615,51,14,69.3899334257,36.3673290802,Ishkamish,Takhar,0,0,0,0,0,0
1812,1613,35,10,69.5016557438,37.202200299,Dasht-e-Qala,Takhar,0,0,18,0,5,23
1813,1616,37,10,70.13882092,36.0959718923,Warsaj,Takhar,0,0,18,0,8,26
1814,1612,21,7,69.5821069824,37.3393768115,Khwaja Bahawuddin,Takhar,0,0,0,0,0,0
1815,1617,27,9,69.4992696328,37.4541452525,Darqad,Takhar,0,0,0,0,0,0
1816,1610,61,16,69.879897118,37.4503436148,Chah Ab,Takhar,0,0,31,0,0,31
1817,1611,34,9,69.6699567653,37.4607752901,Yangi Qala,Takhar,0,0,0,0,0,0
1901,1701,285,57,68.8587416946,36.7966571268,Kunduz,Kunduz,0,0,104,22,43,169
1902,1704,43,10,68.5672883635,36.6544050662,Chahar Darah,Kunduz,0,0,19,0,0,19
1903,1705,66,16,68.8778605176,36.5290235793,Ali Abad,Kunduz,0,0,23,6,10,39
1904,1706,88,37,69.1040485847,36.6031132226,Khan Abad,Kunduz,0,0,34,5,0,39
1905,1702,176,44,68.8537619643,37.108454305,Imam Saheb,Kunduz,0,0,64,8,2,74
1906,1707,62,16,69.1572893965,36.9636061443,Dasht-e-Archi,Kunduz,0,0,25,0,3,28
1907,1703,60,19,68.3619650558,36.8975969048,Qala-e-Zal,Kunduz,0,0,21,0,0,21
2001,1901,98,21,67.9866131028,36.2066666413,Aybak,Samangan,0,0,47,0,50,97
2002,1902,33,11,67.8651143207,36.3829507039,Hazrat-e- Sultan,Samangan,0,0,16,0,5,21
2003,1906,38,13,68.1216899231,35.9865047185,Khuram wa Sarbagh,Samangan,0,0,18,0,2,20
2004,1903,10,3,67.5773319776,36.4563667018,Feroz Nakhchir,Samangan,0,0,5,0,2,7
2005,1907,53,16,67.8172588743,35.6354868053,Ruy-e-Du Ab,Samangan,0,0,26,0,0,26
2006,1904,70,20,67.3471575747,36.0250373638,Darah Suf-e- Payin,Samangan,0,0,26,0,2,28
2006,1905,70,20,67.2824556494,35.6806956444,Darah Suf-e-Bala,Samangan,0,0,34,0,2,36
2101,1801,313,48,67.1168146668,36.7097426722,Mazar-e-Sharif,Balkh,0,0,142,71,38,251
2102,1802,41,9,67.1813228856,36.8412368214,Nahr-e- Shahi,Balkh,0,0,19,6,5,30
2103,1806,51,14,67.0080010286,36.6367552322,Deh Dadi,Balkh,0,0,23,3,8,34
2104,1807,33,13,67.2402908135,36.3678859249,Chahar Kent,Balkh,0,0,15,4,0,19
2105,1808,15,5,67.3350263032,36.634699141,Marmul,Balkh,0,0,7,3,0,10
2106,1805,94,30,66.8901430765,36.8156342271,Balkh,Balkh,0,0,43,55,0,98
2107,1814,103,37,66.864645492,36.3032008056,Sholgareh,Balkh,0,0,47,6,3,56
2108,1813,84,27,66.6008688734,36.5178373961,Chemtal,Balkh,0,0,38,2,0,40
2109,1804,74,29,66.797996479,37.0642528519,Dawlat Abad,Balkh,0,0,34,14,4,52
2110,1809,64,22,67.743333119,36.8146242294,Khulm,Balkh,0,0,29,9,0,38
2111,1812,77,32,66.6394352657,36.8332627122,Chahar Bolak,Balkh,0,0,35,7,3,45
2112,1803,30,10,66.8512238113,37.2565985701,Shor Tepa,Balkh,0,0,13,5,0,18
2113,1810,23,9,67.5492104167,37.1271449375,Kaldar,Balkh,0,0,10,0,0,10
2114,1815,44,16,66.9223435088,36.0051761193,Kishindeh,Balkh,0,0,20,4,0,24
2115,1816,51,18,66.72616396,35.8473411325,Zari,Balkh,0,0,0,4,0,4
2201,2001,123,23,66.0565297236,36.2842541009,Sar-e-Pul,Sar-e-Pul,0,0,50,0,30,80
2202,2002,38,12,65.7089525686,36.1498350382,Sayad,Sar-e-Pul,0,0,16,0,3,19
2203,2003,44,15,65.9367057852,35.4381425159,Kohistanat,Sar-e-Pul,0,0,0,0,0,0
2204,2004,35,12,66.2329804533,36.0200025115,Sozma Qala,Sar-e-Pul,0,0,14,0,8,22
2205,2007,59,20,66.3415876291,35.842099242,Sang(San)Charak,Sar-e-Pul,0,0,24,0,15,39
2206,2005,47,15,66.4505764686,36.0628886357,Gosfandi,Sar-e-Pul,0,0,19,0,4,23
2207,2006,60,14,66.6022551746,35.4579870518,Balkh Ab,Sar-e-Pul,0,0,24,0,6,30
2301,2101,213,43,65.3298268316,34.7239735199,Chaghcharan,Ghor,0,26,87,0,0,113
2302,2103,34,12,65.0079196002,34.1187181494,Du Lina,Ghor,0,0,14,0,0,14
2303,2104,39,14,65.7514747062,34.5801985317,Dawlat Yar,Ghor,0,10,16,0,0,26
2304,2102,37,11,65.1178852124,35.1193570846,Chahar Sadra,Ghor,0,0,14,0,0,14
2305,2107,34,12,65.0898212397,33.5894810291,Pasaband,Ghor,0,0,0,0,0,0
2306,2105,55,22,64.3355136878,34.1023912197,Shahrak,Ghor,0,0,21,0,0,21
2307,2108,110,41,66.2741001464,34.6042581286,Lal Wa Sarjangal,Ghor,0,10,44,0,0,54
2308,2106,42,14,64.3844584775,33.4835368377,Taywarah,Ghor,0,0,21,0,0,21
2309,2109,57,18,63.7141707921,34.0092078235,Tolak,Ghor,0,2,23,0,0,25
2310,2110,40,14,63.6736469292,33.5808660481,Saghar,Ghor,0,0,16,0,0,16
2401,2201,70,14,66.0761694812,33.7632883221,Nili,Daykundi,0,0,25,0,6,31
2402,2206,83,28,66.4725348481,33.7078718116,Shahristan,Daykundi,0,0,29,0,14,43
2403,2205,20,8,66.2656417264,33.4018869008,Gizab,Daykundi,0,0,0,2,0,2
2404,2202,67,22,66.2985260186,34.0739848837,Ashtarlay,Daykundi,0,0,24,0,7,31
2405,2203,64,23,65.7537676472,33.8965430506,Khadir,Daykundi,0,0,0,0,1,1
2406,2204,73,24,65.7210828378,33.5425640966,kiti,Daykundi,0,0,0,0,1,1
2407,2209,78,29,66.9429924198,33.8253024993,Miramor,Daykundi,0,0,27,0,0,27
2408,2207,48,15,65.9121401544,34.1925804826,Sang-e-Takht,Daykundi,0,0,0,0,0,0
2409,2208,48,19,65.6174760789,33.214334569,Kajran,Daykundi,0,0,23,0,0,23
2501,2301,97,16,65.9169613738,32.6821713894,Tirin Kot,Uruzgan,20,0,48,17,0,85
2502,2304,53,9,65.4653218069,32.5836076957,Dehrawud,Uruzgan,8,0,26,0,0,34
2503,2302,28,8,66.2627059575,32.9300521104,Chora,Uruzgan,4,0,15,0,0,19
2504,2303,30,6,65.4782969211,32.9229709086,Shahid-e-Hassas,Uruzgan,2,0,15,0,0,17
2505,2305,45,6,66.6935915102,32.9967388335,Khas Uruzgan,Uruzgan,0,0,22,2,0,24
2506,9996,18,4,66.279534145,32.7528295575,Chenarto,Urozgan,2,0,0,2,0,4
2601,2401,71,15,66.9991940927,32.2097831336,Qalat,Zabul,0,0,48,32,0,80
2602,2404,30,7,66.5164886484,31.9073567891,Tarnak Wa Jaldak,Zabul,0,0,20,0,0,20
2603,2405,27,4,67.1561328445,31.9199887932,Shinkay,Zabul,0,0,18,0,0,18
2604,2403,8,1,66.5063128006,32.1788577731,Mizan,Zabul,0,0,0,0,0,0
2605,2402,11,1,66.9870088276,32.5117980997,Arghandab,Zabul,0,0,7,6,0,13
2606,2406,33,7,67.3949435438,32.4976953503,Shah Joy,Zabul,0,0,22,0,0,22
2607,2408,14,3,66.6912271221,32.6132083871,Day chopan,Zabul,0,0,0,3,0,3
2608,2409,9,2,67.3850666817,31.7249838439,Atghar,Zabul,0,0,0,0,0,0
2609,2411,6,2,67.5707282866,32.2171838344,Naw Bahar,Zabul,0,0,0,0,0,0
2610,2410,23,5,67.7704940158,31.8214689279,Shomulzay,Zabul,0,0,0,0,0,0
2701,3301,269,33,65.7149414309,31.5073250246,Kandahar,Kandahar,46,0,115,0,0,161
2702,3302,56,17,65.6441361321,31.7586335249,Arghandab,Kandahar,8,0,24,0,0,32
2703,3305,71,20,65.7800168216,31.2081412278,Daman,Kandahar,0,0,30,0,0,30
2704,3304,89,23,65.1589937817,31.0730978302,Panj wayi,Kandahar,0,0,38,0,0,38
2705,3303,68,20,65.3985614981,31.6417968994,Zheray,Kandahar,0,0,29,0,0,29
2706,3306,25,8,66.0057287774,32.0795398399,Shah Wali Kot,Kandahar,0,0,11,0,0,11
2707,3307,22,8,65.5033510864,32.0107537121,Khakrez,Kandahar,0,0,9,0,0,9
2708,3312,35,9,66.5542048492,31.5209643731,Arghistan,Kandahar,0,0,15,0,0,15
2709,3315,11,5,65.1966499793,32.0438764886,Ghorak,Kandahar,0,0,0,0,0,0
2710,3308,35,14,64.9933249745,31.5836305397,Maywand,Kandahar,0,0,15,0,0,15
2711,3311,140,26,66.1689486706,30.9869530849,Spin Boldak,Kandahar,0,0,60,0,0,60
2712,3314,21,6,65.7050727246,32.3885671845,Nesh,Kandahar,0,0,0,0,0,0
2713,3313,5,2,66.3362647371,32.3809353214,Miyanshin,Kandahar,0,0,0,0,0,0
2714,3310,27,5,66.0404238751,30.1683469311,Shor Abak,Kandahar,0,0,0,0,0,0
2715,3316,38,7,67.2526136187,31.446348647,Maruf,Kandahar,0,0,0,0,0,0
2716,3309,19,3,65.1734829713,30.1243279782,Reg,Kandahar,0,0,8,0,0,8
2717,9995,70,12,65.6909591417,31.5765683108,Dand,Kandahar,2,0,0,0,0,2
2718,9994,77,16,65.9082401691,31.3156742784,Takhta Pul,Kandahar,4,0,0,0,0,4
2801,2701,197,32,65.7478405951,36.5912813881,Shiberghan,Jawzjan,0,0,104,0,65,169
2802,2703,22,5,65.6122997502,36.9483884618,Khwaja Du Koh,Jawzjan,0,0,10,0,2,12
2803,2706,19,7,66.128517606,36.7839515868,Khanaqa,Jawzjan,0,0,10,0,0,10
2804,2702,35,11,65.9890974043,37.0552841059,Mingajik,Jawzjan,0,0,0,0,0,0
2805,2704,28,7,65.36345506,36.2097164194,Qush Tepa,Jawzjan,0,0,0,0,0,0
2806,2710,13,4,65.7212824621,37.3136700998,Khamyab,Jawzjan,0,0,8,0,0,8
2807,2707,55,16,66.2080411844,36.9041114265,Aqcha,Jawzjan,0,0,29,0,0,29
2808,2705,29,11,66.3296900026,36.7045192726,Fayz Abad,Jawzjan,0,0,15,0,0,15
2809,2708,27,9,66.3288210577,37.0521692156,Mardyan,Jawzjan,0,0,14,0,1,15
2810,2709,19,4,66.0944509995,37.2914625391,Qarqin,Jawzjan,0,0,0,0,0,0
2811,2711,34,13,65.3727860363,36.0043883829,Darz Ab,Jawzjan,0,0,0,0,0,0
2901,2801,101,18,64.7926729016,35.9365163869,Maymana,Faryab,0,0,52,0,36,88
2902,2803,96,37,64.7781277022,35.8099369562,Pashtun kot,Faryab,0,0,43,0,3,46
2903,2802,41,11,64.9659470579,36.0586411513,Khwaja Sabzposh,Faryab,0,0,21,0,11,32
2904,2805,50,15,64.2783185157,35.9560262885,Almar,Faryab,0,0,0,0,0,0
2905,2809,38,9,65.4533768762,35.8808301863,Bil Cheragh,Faryab,0,0,0,0,0,0
2906,2804,52,14,64.8219587852,36.2471992216,Shirin Tagab,Faryab,0,0,27,0,3,30
2907,2806,93,30,64.2790387633,35.6413006596,Qaysar,Faryab,0,0,0,0,1,1
2908,2808,64,16,65.2830138112,35.6323574359,Garziwan,Faryab,0,0,34,0,2,36
2909,2810,42,10,65.0558942677,36.5363426253,Dawlat Abad,Faryab,0,0,0,0,2,2
2910,2807,41,14,64.9228757621,35.3340677221,Kohistan,Faryab,0,0,0,0,0,0
2911,2812,21,6,64.9635071869,36.7929112027,Qaram Qol,Faryab,0,0,12,0,0,12
2912,2814,31,9,64.9423846313,37.0358421204,Qorghan,Faryab,0,0,16,0,0,16
2913,2811,48,9,65.2857641641,36.852884076,Andkhoy,Faryab,0,0,25,0,2,27
2914,2813,22,6,65.2296726461,37.1110295942,Khan-e-Chahar Bagh,Faryab,0,0,0,0,3,3
3001,3201,175,30,64.5402449425,31.456200091,Lashkar Gah,Hilmand,45,0,64,0,0,109
3002,3203,69,15,63.7907181316,31.5779819929,Nad-e-Ali,Hilmand,7,0,25,0,0,32
3003,3204,81,20,64.2070508043,31.3330783139,Nawa-e-Barak Zaiy,Hilmand,5,0,30,0,0,35
3004,3202,82,18,64.6123866545,31.8347761729,Nahr-e-Saraj,Hilmand,16,0,30,0,0,46
3005,3208,6,1,63.9466295515,32.1031748951,Wa Sher,Hilmand,0,0,2,0,0,2
3006,3209,64,18,64.1694090303,30.3086348661,Garm Ser,Hilmand,0,0,21,0,0,21
3007,3207,21,3,64.4737447386,32.4716170395,Naw Zad,Hilmand,0,0,0,0,0,0
3008,3205,46,9,64.9965320561,32.1236110665,Sangin,Hilmand,0,0,0,0,0,0
3009,3206,39,7,64.736318369,32.4690519499,Musa Qaleh,Hilmand,0,0,0,0,0,0
3010,3210,26,4,65.0382658617,32.4843543399,Kajaki,Hilmand,0,0,0,0,0,0
3011,3212,25,8,63.4834669741,30.8300688261,Reg(khan Neshin),Hilmand,0,0,0,0,0,0
3014,9998,49,14,64.1264608234,31.4726297529,Marja,Helmand,7,0,18,0,0,25
3101,2901,109,19,63.1235294207,34.8106962522,Qala-e-Naw,Badghis,0,28,45,0,0,73
3102,2903,62,21,62.9017129157,34.9250912366,Ab Kamari,Badghis,0,10,25,0,0,35
3103,2902,21,8,63.1050903829,35.1700695259,Muqur,Badghis,0,2,8,0,0,10
3104,2904,82,33,63.5841985456,34.8155924558,Qadis,Badghis,0,6,35,0,0,41
3105,2906,31,10,63.4721972917,35.4673670965,Bala Murghab,Badghis,0,0,13,0,0,13
3106,2905,88,35,64.3358559399,35.0012743288,Jawand,Badghis,0,0,0,0,0,0
3107,2907,24,8,63.7795308893,35.7206529932,Ghormach,Badghis,0,0,0,0,0,0
3201,3001,400,46,62.182593408,34.3720185125,Hirat,Hirat,0,40,136,70,0,246
3202,3002,179,53,62.1793712496,34.4687520337,Injil,Hirat,0,12,61,6,0,79
3203,3005,105,38,62.0386714978,34.0355267103,Guzara,Hirat,0,12,36,2,0,50
3204,3007,55,18,62.663431061,34.5039229325,Karukh,Hirat,0,6,19,7,0,32
3205,3004,52,18,61.820063165,34.3711258707,Zinda Jan,Hirat,0,7,18,3,0,28
3206,3006,80,30,62.754605035,34.1843000843,Pashtun  Zarghun,Hirat,0,6,27,6,0,39
3207,3003,89,30,62.2398200453,35.004469609,Kushk,Hirat,0,6,30,2,0,38
3208,3008,77,25,61.5712160359,35.1341828713,Gulran,Hirat,0,0,26,2,0,28
3209,3010,74,29,61.9988616375,33.7053154691,Adraskan,Hirat,0,0,24,8,0,32
3210,3013,44,14,62.6287252607,34.885778934,Kushk-e-Kohna,Hirat,0,0,15,3,0,18
3211,3009,65,20,61.1544474451,34.1798252049,Ghoryan,Hirat,0,8,22,2,0,32
3212,3012,63,23,63.2500238425,34.3598182496,Obe,Hirat,0,0,22,6,0,28
3213,3014,57,16,61.1669860954,34.6135790052,Kohsan,Hirat,0,5,19,5,0,29
3214,3015,121,43,62.3808044268,33.2543781143,Shindand,Hirat,0,0,40,2,0,42
3215,3011,41,13,63.2835210941,33.8427564425,Farsi,Hirat,0,0,14,5,0,19
3216,3016,42,18,63.9570917826,34.4451906986,Chisht-e-Sharif,Hirat,0,0,14,13,0,27
3301,3101,158,37,62.2287836102,32.2445273653,Farah,Farah,0,67,75,0,0,142
3302,3105,26,10,62.0591291707,32.4871941002,Pusht Rod,Farah,0,9,14,0,0,23
3303,3104,8,3,62.072070429,32.7564957091,Khak-e-Safed,Farah,0,0,0,0,0,0
3304,3106,36,15,61.3275950924,32.3954641074,Qala-e-Kah,Farah,0,7,16,0,0,23
3305,3107,32,13,61.3689817701,32.1088219454,Shib Koh,Farah,0,5,14,0,0,19
3306,3103,30,13,62.7518674271,32.7704268173,Bala Buluk,Farah,0,1,0,0,0,1
3307,3111,20,8,61.2492878158,33.0113415486,Anar Dara,Farah,0,7,11,0,0,18
3308,3102,5,1,62.8809281531,32.214778716,Bakwa,Farah,0,0,0,0,0,0
3309,3108,34,14,61.3296856649,31.7201732738,Lash-e-Juwayn,Farah,0,7,0,0,0,7
3310,3109,11,4,63.5949942287,32.6416062439,Gulestan,Farah,0,3,0,0,0,3
3311,3110,78,35,63.8649381767,33.1365563434,Pur Chaman,Farah,0,0,0,0,0,0
3401,3401,51,10,62.0363380653,30.9111082313,Zaranj,Nimroz,0,35,34,0,0,69
3402,3402,25,10,61.8284661609,31.3213034873,Kang,Nimroz,0,6,17,0,0,23
3403,3404,34,12,62.4382207222,31.3172852112,Chakhansur,Nimroz,0,5,23,0,0,28
3404,3403,33,11,62.0797976387,30.1647980495,Chahar Burjak,Nimroz,0,0,22,0,0,22
3405,3405,24,8,62.9103688093,31.7358814228,Khash Rod,Nimroz,0,4,16,0,0,20
3406,9999,27,11,63.3818987973,32.1184023564,Delaram,Nimroz,0,0,18,0,0,18
