solar_year,gregorian_year,province_code,province_name_eng,district_code,district_number,district_name_eng,rural_fem,rural_male,rural_total,urban_fem,urban_male,urban_total,fem_population,male_population,total_population,units
1398,2019-2020,1,Kabul,101,1,provincial Capital (Kabul ),,,,2101760,2171396,4273156,2101760,2171396,4273156,exact
1398,2019-2020,1,Kabul,102,2,Paghman,54286,57352,111638,11890,12436,24326,66176,69788,135964,exact
1398,2019-2020,1,Kabul,103,3,Chahar Asyab,19573,21165,40738,,,,19573,21165,40738,exact
1398,2019-2020,1,Kabul,104,4,Bagrami,30013,31615,61628,,,,30013,31615,61628,exact
1398,2019-2020,1,Kabul,105,5,DehSabz,29231,30831,60062,,,,29231,30831,60062,exact
1398,2019-2020,1,Kabul,106,6,Shakar Dara,44892,46508,91400,,,,44892,46508,91400,exact
1398,2019-2020,1,Kabul,107,7,Musahi,12658,13325,25983,,,,12658,13325,25983,exact
1398,2019-2020,1,Kabul,108,8,Mir Bacha kot,28710,29394,58104,,,,28710,29394,58104,exact
1398,2019-2020,1,Kabul,109,9,Khak-e-Jabar,7699,8231,15930,,,,7699,8231,15930,exact
1398,2019-2020,1,Kabul,110,10,Kalakan,16443,17245,33688,,,,16443,17245,33688,exact
1398,2019-2020,1,Kabul,111,11,Guldara,12397,13064,25461,,,,12397,13064,25461,exact
1398,2019-2020,1,Kabul,112,12,Farza,11614,12280,23894,,,,11614,12280,23894,exact
1398,2019-2020,1,Kabul,113,13,Estalef,18270,19073,37343,,,,18270,19073,37343,exact
1398,2019-2020,1,Kabul,114,14,Qara Bagh,41628,43242,84870,,,,41628,43242,84870,exact
1398,2019-2020,1,Kabul,115,15,Surubi,30275,31354,61629,,,,30275,31354,61629,exact
1398,2019-2020,2,Kapisa,201,1,provincial Capital (Mahmood Raqi),34583,35142,69725,737,989,1726,35320,36131,36131,exact
1398,2019-2020,2,Kapisa,202,2,Hissa-e-Duwumi Kohistan,24664,25344,50008,,,,24664,25344,25344,exact
1398,2019-2020,2,Kapisa,203,3,Koh Band,13049,13064,26113,,,,13049,13064,13064,exact
1398,2019-2020,2,Kapisa,204,4,Hissa-e-Awali Kohistan,37453,38147,75600,,,,37453,38147,38147,exact
1398,2019-2020,2,Kapisa,205,5,Nijrab,61725,63100,124825,,,,61725,63100,63100,exact
1398,2019-2020,2,Kapisa,206,6,Tagab,44893,44942,89835,,,,44893,44942,44942,exact
1398,2019-2020,2,Kapisa,207,7,Alasai,20487,21556,42043,,,,20487,21556,21556,exact
1398,2019-2020,3,Parwan,301,1,provincial Capital (Charikar),65639,68325,133964,32403,31939,64342,98042,100264,198306,exact
1398,2019-2020,3,Parwan,302,2,Bagram,57027,58135,115162,,,,57027,58135,115162,exact
1398,2019-2020,3,Parwan,303,3,Shinwari,22576,23123,45699,,,,22576,23123,45699,exact
1398,2019-2020,3,Parwan,304,4,Sayyid Khel,24794,25868,50662,,,,24794,25868,50662,exact
1398,2019-2020,3,Parwan,305,5,Jabulussaraj,34060,35012,69072,1026,989,2015,35086,36001,71087,exact
1398,2019-2020,3,Parwan,306,6,Salang,14355,14501,28856,,,,14355,14501,28856,exact
1398,2019-2020,3,Parwan,307,7,syahgird ('Ghurband),53766,53694,107460,,,,53766,53694,107460,exact
1398,2019-2020,3,Parwan,308,8,Koh-e- Safi,17095,17375,34470,,,,17095,17375,34470,exact
1398,2019-2020,3,Parwan,309,9,Surkhi parsa,22316,23124,45440,,,,22316,23124,45440,exact
1398,2019-2020,3,Parwan,310,10,Shaykh Ali,13441,13978,27419,,,,13441,13978,27419,exact
1398,2019-2020,4,Wardak,401,1,province Center (Maidan Shahr),20358,21165,41523,1761,1696,3457,22119,22861,44980,exact
1398,2019-2020,4,Wardak,402,2,Nerkh,30666,32660,63326,,,,30666,32660,63326,exact
1398,2019-2020,4,Wardak,403,3,Jalrez,28840,30047,58887,,,,28840,30047,58887,exact
1398,2019-2020,4,Wardak,404,4,Chak-e- Wardak,45674,48076,93750,,,,45674,48076,93750,exact
1398,2019-2020,4,Wardak,405,5,Sayyid Abad,62899,66104,129003,,,,62899,66104,129003,exact
1398,2019-2020,4,Wardak,406,6,Daimir Dad,16965,17506,34471,,,,16965,17506,34471,exact
1398,2019-2020,4,Wardak,407,7,Hissa-e- awali Behsud,20226,20903,41129,,,,20226,20903,41129,exact
1398,2019-2020,4,Wardak,408,8,Jaghatu,24925,25867,50792,,,,24925,25867,50792,exact
1398,2019-2020,4,Wardak,409,9,Markaz-e- Behsud,65248,67280,132528,,,,65248,67280,132528,exact
1398,2019-2020,5,Logar,501,1,provincial Capital(Puli Alam),54940,56568,111508,3081,3109,6190,58021,59677,117698,exact
1398,2019-2020,5,Logar,502,2,Baraki Barak,45414,47162,92576,2492,2403,4895,47906,49565,97471,exact
1398,2019-2020,5,Logar,503,3,Charkh,24272,25082,49354,,,,24272,25082,49354,exact
1398,2019-2020,5,Logar,504,4,khushi,13180,13587,26767,,,,13180,13587,26767,exact
1398,2019-2020,5,Logar,505,5,Mohammad Agha,40976,42850,83826,,,,40976,42850,83826,exact
1398,2019-2020,5,Logar,506,6,Khar war,14354,14763,29117,,,,14354,14763,29117,exact
1398,2019-2020,5,Logar,507,7,Azra,10961,11627,22588,,,,10961,11627,22588,exact
1398,2019-2020,6,Nangarhar,601,1,provincial Capital (Jalalabad),,,,130224,133088,263312,130224,133088,263312,exact
1398,2019-2020,6,Nangarhar,602,2,Behsud,62117,64145,126262,,,,62117,64145,126262,exact
1398,2019-2020,6,Nangarhar,603,3,Surkh Rud,64855,68979,133834,,,,64855,68979,133834,exact
1398,2019-2020,6,Nangarhar,604,4,Chapar har,32885,34098,66983,,,,32885,34098,66983,exact
1398,2019-2020,6,Nangarhar,605,5,Kama,41628,43765,85393,,,,41628,43765,85393,exact
1398,2019-2020,6,Nangarhar,606,6,Kuzkunar,29623,31484,61107,,,,29623,31484,61107,exact
1398,2019-2020,6,Nangarhar,607,7,Rodat,37321,39454,76775,,,,37321,39454,76775,exact
1398,2019-2020,6,Nangarhar,608,8,Khugyani,67989,71852,139841,2640,2685,5325,70629,74537,145166,exact
1398,2019-2020,6,Nangarhar,609,9,Bati Kot,41236,42850,84086,,,,41236,42850,84086,exact
1398,2019-2020,6,Nangarhar,610,10,Deh Bala,21792,22993,44785,,,,21792,22993,44785,exact
1398,2019-2020,6,Nangarhar,611,11,Pachiragam,22967,24299,47266,,,,22967,24299,47266,exact
1398,2019-2020,6,Nangarhar,612,12,Darah -e- S.Noor,21924,22862,44786,,,,21924,22862,44786,exact
1398,2019-2020,6,Nangarhar,613,13,Kot,28579,29264,57843,,,,28579,29264,57843,exact
1398,2019-2020,6,Nangarhar,614,14,Goshta,14876,15416,30292,,,,14876,15416,30292,exact
1398,2019-2020,6,Nangarhar,615,15,Achin,26118,26951,53069,,,,26118,26951,53069,exact
1398,2019-2020,6,Nangarhar,616,16,Shinwar,32625,33967,66592,,,,32625,33967,66592,exact
1398,2019-2020,6,Nangarhar,617,17,Muhmand Dِِara,24272,25605,49877,,,,24272,25605,49877,exact
1398,2019-2020,6,Nangarhar,618,18,Lalpoor,11093,11627,22720,,,,11093,11627,22720,exact
1398,2019-2020,6,Nangarhar,619,19,Sher Zad,36148,37494,73642,,,,36148,37494,73642,exact
1398,2019-2020,6,Nangarhar,620,20,Nazyan,7829,8493,16322,,,,7829,8493,16322,exact
1398,2019-2020,6,Nangarhar,621,21,Hesarak,16704,17506,34210,,,,16704,17506,34210,exact
1398,2019-2020,6,Nangarhar,622,22,Dur Baba,12527,13325,25852,,,,12527,13325,25852,exact
1398,2019-2020,6,Nangarhar,623,23,Spin ghar,28559,29748,58307,,,,28559,29748,58307,exact
1398,2019-2020,7,Laghman,701,1,provincial Capital (Mehterlam),67335,71069,138404,2790,2968,5758,70125,74037,144162,exact
1398,2019-2020,7,Laghman,702,2,Qarghayee,53112,55785,108897,,,,53112,55785,108897,exact
1398,2019-2020,7,Laghman,703,3,Alishing,38758,40499,79257,,,,38758,40499,79257,exact
1398,2019-2020,7,Laghman,704,4,Alingar,52329,55130,107459,,,,52329,55130,107459,exact
1398,2019-2020,7,Laghman,705,5,Dawlat Shah,18008,18942,36950,,,,18008,18942,36950,exact
1398,2019-2020,7,Laghman,706,6,Bad pash,4046,4181,8227,,,,4046,4181,8227,exact
1398,2019-2020,8,Panjsher,801,1,province Center (Bazarak),10179,10713,20892,,,,10179,10713,20892,exact
1398,2019-2020,8,Panjsher,802,2,Rukha,12397,13064,25461,,,,12397,13064,25461,exact
1398,2019-2020,8,Panjsher,803,3,Darah,7569,7838,15407,,,,7569,7838,15407,exact
1398,2019-2020,8,Panjsher,804,4,Hissa-e- Awal (Khinj),21662,22732,44394,,,,21662,22732,44394,exact
1398,2019-2020,8,Panjsher,805,5,Unaba,9657,10321,19978,,,,9657,10321,19978,exact
1398,2019-2020,8,Panjsher,806,6,Shutul,6003,6140,12143,,,,6003,6140,12143,exact
1398,2019-2020,8,Panjsher,807,7,Paryan,8090,8362,16452,,,,8090,8362,16452,exact
1398,2019-2020,8,Panjsher,808,8,Ab shar,6003,6270,12273,,,,6003,6270,12273,exact
1398,2019-2020,9,Baghlan,901,1,provincial Capital (Pul-i-Khumri),56896,60225,117121,60000,60767,120767,116896,120992,237888,exact
1398,2019-2020,9,Baghlan,902,2,Dahana-e-Ghuri,30927,32661,63588,882,989,1871,31809,33650,65459,exact
1398,2019-2020,9,Baghlan,903,3,Dushi,36278,38017,74295,,,,36278,38017,74295,exact
1398,2019-2020,9,Baghlan,904,4,Nahreen,34712,36580,71292,2790,2968,5758,37502,39548,77050,exact
1398,2019-2020,9,Baghlan,905,5,Baghlan-e- Jadeed,57157,59572,116729,39431,38298,77729,96588,97870,194458,exact
1398,2019-2020,9,Baghlan,906,6,Khinjan,16573,17245,33818,,,,16573,17245,33818,exact
1398,2019-2020,9,Baghlan,907,7,Andarab,13832,14501,28333,,,,13832,14501,28333,exact
1398,2019-2020,9,Baghlan,908,8,Deh Salah,17094,18420,35514,,,,17094,18420,35514,exact
1398,2019-2020,9,Baghlan,909,9,Khwaja hejran (Jalga ),12788,13717,26505,,,,12788,13717,26505,exact
1398,2019-2020,9,Baghlan,910,10,Burka,28449,30047,58496,,,,28449,30047,58496,exact
1398,2019-2020,9,Baghlan,911,11,Tala Wa Barfak,16182,17375,33557,,,,16182,17375,33557,exact
1398,2019-2020,9,Baghlan,912,12,Pul –e-Hisar,14746,15938,30684,,,,14746,15938,30684,exact
1398,2019-2020,9,Baghlan,913,13,Khost Wa Firing,34059,36057,70116,,,,34059,36057,70116,exact
1398,2019-2020,9,Baghlan,914,14,Gozargah-e- S.Noor,5350,5879,11229,,,,5350,5879,11229,exact
1398,2019-2020,9,Baghlan,915,15,Firing Wa Gharu,9005,9407,18412,,,,9005,9407,18412,exact
1398,2019-2020,10,Bamyan,1001,1,provincial Capital (Bamyan ),39411,39323,78734,7328,7066,14394,46739,46389,93128,exact
1398,2019-2020,10,Bamyan,1002,2,Shebar,15790,16984,32774,,,,15790,16984,32774,exact
1398,2019-2020,10,Bamyan,1003,3,Saighan,13050,13587,26637,,,,13050,13587,26637,exact
1398,2019-2020,10,Bamyan,1004,4,Kahmard,19704,20641,40345,,,,19704,20641,40345,exact
1398,2019-2020,10,Bamyan,1005,5,Yakawlang,33408,34228,67636,,,,33408,34228,67636,exact
1398,2019-2020,10,Bamyan,1006,6,Panjab,37453,38278,75731,,,,37453,38278,75731,exact
1398,2019-2020,10,Bamyan,1007,7,Waras,59637,61531,121168,,,,59637,61531,121168,exact
1398,2019-2020,10,Bamyan,1008,8,Yakawlang S.No 2,14354,15155,29509,,,,14354,15155,29509,exact
1398,2019-2020,11,Ghazni,1101,1,provincial Capital(Ghazni),56897,58789,115686,33589,33776,67365,90486,92565,183051,exact
1398,2019-2020,11,Ghazni,1102,2,Wali M. Shahid (khugyani),10831,11497,22328,,,,10831,11497,22328,exact
1398,2019-2020,11,Ghazni,1103,3,Khwaja Omari,10440,10582,21022,,,,10440,10582,21022,exact
1398,2019-2020,11,Ghazni,1104,4,Waghaz,20749,22078,42827,,,,20749,22078,42827,exact
1398,2019-2020,11,Ghazni,1105,5,Deh Yak,26622,27696,54318,,,,26622,27696,54318,exact
1398,2019-2020,11,Ghazni,1106,6,Jaghatu,17226,18029,35255,,,,17226,18029,35255,exact
1398,2019-2020,11,Ghazni,1107,7,Andar,67335,71199,138534,,,,67335,71199,138534,exact
1398,2019-2020,11,Ghazni,1108,8,Zanakhan,6785,7185,13970,,,,6785,7185,13970,exact
1398,2019-2020,11,Ghazni,1109,9,Rashidan,9787,10190,19977,,,,9787,10190,19977,exact
1398,2019-2020,11,Ghazni,1110,10,Nawur,51677,53432,105109,,,,51677,53432,105109,exact
1398,2019-2020,11,Ghazni,1111,11,Qara Bagh,77514,81129,158643,,,,77514,81129,158643,exact
1398,2019-2020,11,Ghazni,1112,12,Giro,19443,21164,40607,,,,19443,21164,40607,exact
1398,2019-2020,11,Ghazni,1113,13,Ab Band,14746,15808,30554,,,,14746,15808,30554,exact
1398,2019-2020,11,Ghazni,1114,14,Jaghuri,96176,99941,196117,,,,96176,99941,196117,exact
1398,2019-2020,11,Ghazni,1115,15,Muqur,26883,29002,55885,,,,26883,29002,55885,exact
1398,2019-2020,11,Ghazni,1116,16,Malistan,45283,45855,91138,,,,45283,45855,91138,exact
1398,2019-2020,11,Ghazni,1117,17,Gelan,31317,32921,64238,,,,31317,32921,64238,exact
1398,2019-2020,11,Ghazni,1118,18,Ajristan,15529,16461,31990,,,,15529,16461,31990,exact
1398,2019-2020,11,Ghazni,1119,19,Nawa,16051,16983,33034,,,,16051,16983,33034,exact
1398,2019-2020,12,Paktika,1201,1,provincial Capital(Sharan),28666,30027,58693,2439,2494,4933,31105,32521,63626,exact
1398,2019-2020,12,Paktika,1202,2,Mata Khan,13045,13675,26720,,,,13045,13675,26720,exact
1398,2019-2020,12,Paktika,1203,3,Yosuf Khel,13929,14762,28691,,,,13929,14762,28691,exact
1398,2019-2020,12,Paktika,1204,4,Yahya Khel,14285,14974,29259,,,,14285,14974,29259,exact
1398,2019-2020,12,Paktika,1205,5,Sar Rawza,18071,18343,36414,,,,18071,18343,36414,exact
1398,2019-2020,12,Paktika,1206,6,Omna,11469,11931,23400,,,,11469,11931,23400,exact
1398,2019-2020,12,Paktika,1207,7,Zarghun Shahr,20267,21054,41321,,,,20267,21054,41321,exact
1398,2019-2020,12,Paktika,1208,8,Gomal,22439,23344,45783,,,,22439,23344,45783,exact
1398,2019-2020,12,Paktika,1209,9,Jani Khel,17576,18661,36237,,,,17576,18661,36237,exact
1398,2019-2020,12,Paktika,1210,10,Surubi,19092,19093,38185,,,,19092,19093,38185,exact
1398,2019-2020,12,Paktika,1211,11,Urgoon,44078,44914,88992,,,,44078,44914,88992,exact
1398,2019-2020,12,Paktika,1212,12,Ziruk,18652,20083,38735,,,,18652,20083,38735,exact
1398,2019-2020,12,Paktika,1213,13,Nika,8185,8562,16747,,,,8185,8562,16747,exact
1398,2019-2020,12,Paktika,1214,14,Barmal,36899,38783,75682,,,,36899,38783,75682,exact
1398,2019-2020,12,Paktika,1215,15,Giyan,23274,23703,46977,,,,23274,23703,46977,exact
1398,2019-2020,12,Paktika,1216,16,DilaWa Khushamand,22775,24248,47023,,,,22775,24248,47023,exact
1398,2019-2020,12,Paktika,1217,17,Wazakhwah,22028,23815,45843,,,,22028,23815,45843,exact
1398,2019-2020,12,Paktika,1218,18,Wormamay,10437,10964,21401,,,,10437,10964,21401,exact
1398,2019-2020,12,Paktika,1219,19,Turwo,5212,5860,11072,,,,5212,5860,11072,exact
1398,2019-2020,13,Paktya,1301,1,provincial Capital(Gardez),32362,33836,66198,13787,13849,27636,46149,47685,93834,exact
1398,2019-2020,13,Paktya,1302,2,Ahmadaba,15399,15546,30945,,,,15399,15546,30945,exact
1398,2019-2020,13,Paktya,1303,3,Zurmat,47322,49527,96849,,,,47322,49527,96849,exact
1398,2019-2020,13,Paktya,1304,4,Shwak,3002,3136,6138,,,,3002,3136,6138,exact
1398,2019-2020,13,Paktya,1305,5,Wuza Zadran,13012,13995,27007,,,,13012,13995,27007,exact
1398,2019-2020,13,Paktya,1306,6,Sayyid Karam,30144,31745,61889,,,,30144,31745,61889,exact
1398,2019-2020,13,Paktya,1307,7,Jaji,34059,35927,69986,,,,34059,35927,69986,exact
1398,2019-2020,13,Paktya,1308,8,Laja Ahmad khel,12267,13064,25331,,,,12267,13064,25331,exact
1398,2019-2020,13,Paktya,1309,9,Jani Khel,18791,19987,38778,,,,18791,19987,38778,exact
1398,2019-2020,13,Paktya,1310,10,Samkani,27536,27958,55494,,,,27536,27958,55494,exact
1398,2019-2020,13,Paktya,1311,11,Dand Patan,14354,15155,29509,,,,14354,15155,29509,exact
1398,2019-2020,13,Paktya,1312,12,laja mangel,10309,10582,20891,,,,10309,10582,20891,exact
1398,2019-2020,13,Paktya,1313,13,Mirzaka,4568,4965,9533,,,,4568,4965,9533,exact
1398,2019-2020,13,Paktya,1314,14,Garda siray,6040,6384,12424,,,,6040,6384,12424,exact
1398,2019-2020,13,Paktya,1315,15,Rohany Baba,11009,11613,22622,,,,11009,11613,22622,exact
1398,2019-2020,14,Khost,1401,1,provincial Capital(Khost),68902,71330,140232,6457,6642,13099,75359,77972,153331,exact
1398,2019-2020,14,Khost,1402,2,Manduzay (Esmayel khil),30405,32268,62673,,,,30405,32268,62673,exact
1398,2019-2020,14,Khost,1403,3,Gurbuz,14094,15025,29119,,,,14094,15025,29119,exact
1398,2019-2020,14,Khost,1404,4,Tanay,32494,33705,66199,,,,32494,33705,66199,exact
1398,2019-2020,14,Khost,1405,5,Musa khel,22315,23254,45569,,,,22315,23254,45569,exact
1398,2019-2020,14,Khost,1406,6,Nadir Shah kot,17094,18290,35384,,,,17094,18290,35384,exact
1398,2019-2020,14,Khost,1407,7,Sabari (Yaqubi),38627,40107,78734,,,,38627,40107,78734,exact
1398,2019-2020,14,Khost,1408,8,Tirzayee (Ali Sher ),24011,25606,49617,,,,24011,25606,49617,exact
1398,2019-2020,14,Khost,1409,9,Baak,12006,12542,24548,,,,12006,12542,24548,exact
1398,2019-2020,14,Khost,1410,10,Qalandar,5481,5879,11360,,,,5481,5879,11360,exact
1398,2019-2020,14,Khost,1411,11,Spera,13049,13979,27028,,,,13049,13979,27028,exact
1398,2019-2020,14,Khost,1412,12,Shamul,7307,7838,15145,,,,7307,7838,15145,exact
1398,2019-2020,14,Khost,1413,13,Jaji Maidan,12919,13847,26766,,,,12919,13847,26766,exact
1398,2019-2020,15,Kunar,1501,1,provincial Capital (Asad Abad),10701,11366,22067,7631,7914,15545,18332,19280,37612,exact
1398,2019-2020,15,Kunar,1502,2,Mara wara,11223,11497,22720,,,,11223,11497,22720,exact
1398,2019-2020,15,Kunar,1503,3,Watapoor,14877,15546,30423,,,,14877,15546,30423,exact
1398,2019-2020,15,Kunar,1504,4,Narang Wa Badil,16443,17114,33557,,,,16443,17114,33557,exact
1398,2019-2020,15,Kunar,1505,5,Sar Kani,14876,15416,30292,,,,14876,15416,30292,exact
1398,2019-2020,15,Kunar,1506,6,Shigal,6579,6772,13351,,,,6579,6772,13351,exact
1398,2019-2020,15,Kunar,1507,7,Dara-e- Pech,29491,31223,60714,,,,29491,31223,60714,exact
1398,2019-2020,15,Kunar,1508,8,Bar Kunar,12005,12410,24415,,,,12005,12410,24415,exact
1398,2019-2020,15,Kunar,1509,9,Sawkai,19313,20379,39692,,,,19313,20379,39692,exact
1398,2019-2020,15,Kunar,1510,10,Khas Kunar,19183,19727,38910,,,,19183,19727,38910,exact
1398,2019-2020,15,Kunar,1511,11,Ghazi Abad,10179,10582,20761,,,,10179,10582,20761,exact
1398,2019-2020,15,Kunar,1512,12,Dangam,9135,9668,18803,,,,9135,9668,18803,exact
1398,2019-2020,15,Kunar,1513,13,Chapa Dara,16704,17767,34471,,,,16704,17767,34471,exact
1398,2019-2020,15,Kunar,1514,14,S.Noorgal,16964,18159,35123,,,,16964,18159,35123,exact
1398,2019-2020,15,Kunar,1515,15,Nari,14876,15808,30684,,,,14876,15808,30684,exact
1398,2019-2020,15,Kunar,1516,16,Sheltan,9342,9820,19162,,,,9342,9820,19162,exact
1398,2019-2020,16,Nuristan,1601,1,provincial Capital (Paroon),7307,7707,15014,,,,7307,7707,15014,exact
1398,2019-2020,16,Nuristan,1602,2,Waygal,10309,11497,21806,,,,10309,11497,21806,exact
1398,2019-2020,16,Nuristan,1603,3,Wama,6003,6270,12273,,,,6003,6270,12273,exact
1398,2019-2020,16,Nuristan,1604,4,S.Noor Gram,17486,18420,35906,,,,17486,18420,35906,exact
1398,2019-2020,16,Nuristan,1605,5,Duab,4438,4312,8750,,,,4438,4312,8750,exact
1398,2019-2020,16,Nuristan,1606,6,Kamdesh,14093,13980,28073,,,,14093,13980,28073,exact
1398,2019-2020,16,Nuristan,1607,7,Mandol,10570,11366,21936,,,,10570,11366,21936,exact
1398,2019-2020,16,Nuristan,1608,8,Bargi Matal,8613,8622,17235,,,,8613,8622,17235,exact
1398,2019-2020,17,Badakhshan,1701,1,provincial Capital (Faiz Abad),18660,19204,37864,18776,18937,37713,37436,38141,75577,exact
1398,2019-2020,17,Badakhshan,1702,2,Argo,42281,44810,87091,,,,42281,44810,87091,exact
1398,2019-2020,17,Badakhshan,1703,3,Arghanj Khwah,8873,9014,17887,,,,8873,9014,17887,exact
1398,2019-2020,17,Badakhshan,1704,4,Yaftal-e-Sufla,29101,29525,58626,,,,29101,29525,58626,exact
1398,2019-2020,17,Badakhshan,1705,5,Khash,20750,21556,42306,,,,20750,21556,42306,exact
1398,2019-2020,17,Badakhshan,1706,6,Baharak,15921,16070,31991,,,,15921,16070,31991,exact
1398,2019-2020,17,Badakhshan,1707,7,Darayim,33669,34750,68419,,,,33669,34750,68419,exact
1398,2019-2020,17,Badakhshan,1708,8,Kohistan,8873,9537,18410,,,,8873,9537,18410,exact
1398,2019-2020,17,Badakhshan,1709,9,Yawan,17486,18551,36037,,,,17486,18551,36037,exact
1398,2019-2020,17,Badakhshan,1710,10,Jurm,18661,19074,37735,2055,2120,4175,20716,21194,41910,exact
1398,2019-2020,17,Badakhshan,1711,11,Tashkan,16051,17114,33165,,,,16051,17114,33165,exact
1398,2019-2020,17,Badakhshan,1712,12,Shuhada,18660,19727,38387,,,,18660,19727,38387,exact
1398,2019-2020,17,Badakhshan,1713,13,Shahri Buzurg,28709,29394,58103,,,,28709,29394,58103,exact
1398,2019-2020,17,Badakhshan,1714,14,Raghistan,21402,22602,44004,,,,21402,22602,44004,exact
1398,2019-2020,17,Badakhshan,1715,15,Kishm,43847,45986,89833,,,,43847,45986,89833,exact
1398,2019-2020,17,Badakhshan,1716,16,Wardooj,11875,12410,24285,,,,11875,12410,24285,exact
1398,2019-2020,17,Badakhshan,1717,17,Tagab,15269,15938,31207,,,,15269,15938,31207,exact
1398,2019-2020,17,Badakhshan,1718,18,Yamgan(Girwan),13832,14763,28595,,,,13832,14763,28595,exact
1398,2019-2020,17,Badakhshan,1719,19,Shighnan,15007,15938,30945,,,,15007,15938,30945,exact
1398,2019-2020,17,Badakhshan,1720,20,Khwahan,9135,9276,18411,,,,9135,9276,18411,exact
1398,2019-2020,17,Badakhshan,1721,21,Kufab,12397,12410,24807,,,,12397,12410,24807,exact
1398,2019-2020,17,Badakhshan,1722,22,Darwaz-e- Payin (Mamay),14484,14892,29376,,,,14484,14892,29376,exact
1398,2019-2020,17,Badakhshan,1723,23,Eshkashim,7569,7838,15407,,,,7569,7838,15407,exact
1398,2019-2020,17,Badakhshan,1724,24,Shiki,14485,14763,29248,,,,14485,14763,29248,exact
1398,2019-2020,17,Badakhshan,1725,25,Zebak,4176,4573,8749,,,,4176,4573,8749,exact
1398,2019-2020,17,Badakhshan,1726,26,Kiran Wa Menjan,5220,5357,10577,,,,5220,5357,10577,exact
1398,2019-2020,17,Badakhshan,1727,27,Darwaz-e- Bala ( Nesay),12789,12933,25722,,,,12789,12933,25722,exact
1398,2019-2020,17,Badakhshan,1728,28,Wakhan,8091,8492,16583,,,,8091,8492,16583,exact
1398,2019-2020,18,Takhar,1801,1,province Center (Taluqan),83910,87922,171832,41344,40559,81903,125254,128481,253735,exact
1398,2019-2020,18,Takhar,1802,2,Hazar Sumuch,7438,7838,15276,,,,7438,7838,15276,exact
1398,2019-2020,18,Takhar,1803,3,Baharak,16834,17505,34339,,,,16834,17505,34339,exact
1398,2019-2020,18,Takhar,1804,4,Bangi,19314,19728,39042,,,,19314,19728,39042,exact
1398,2019-2020,18,Takhar,1805,5,Chal,15137,16200,31337,,,,15137,16200,31337,exact
1398,2019-2020,18,Takhar,1806,6,Namak Ab,6655,6924,13579,,,,6655,6924,13579,exact
1398,2019-2020,18,Takhar,1807,7,Kalafgan,19444,19727,39171,,,,19444,19727,39171,exact
1398,2019-2020,18,Takhar,1808,8,Farkhar,24011,25083,49094,1610,1413,3023,25621,26496,52117,exact
1398,2019-2020,18,Takhar,1809,9,Khwaja Ghar,32755,34097,66852,3960,3957,7917,36715,38054,74769,exact
1398,2019-2020,18,Takhar,1810,10,Rustaq,81951,86354,168305,7189,7349,14538,89140,93703,182843,exact
1398,2019-2020,18,Takhar,1811,11,Eshkamesh,32364,33183,65547,,,,32364,33183,65547,exact
1398,2019-2020,18,Takhar,1812,12,Dashti Qala,17487,18028,35515,,,,17487,18028,35515,exact
1398,2019-2020,18,Takhar,1813,13,Warsaj,20488,21687,42175,,,,20488,21687,42175,exact
1398,2019-2020,18,Takhar,1814,14,Khwaja Bahawuddin,12919,12933,25852,,,,12919,12933,25852,exact
1398,2019-2020,18,Takhar,1815,15,Darqad,14354,15547,29901,,,,14354,15547,29901,exact
1398,2019-2020,18,Takhar,1816,16,Chahab,30014,31354,61368,13350,13567,26917,43364,44921,88285,exact
1398,2019-2020,18,Takhar,1817,17,Yangi Qala,19182,19857,39039,5285,5512,10797,24467,25369,49836,exact
1398,2019-2020,19,Kunduz,1901,1,provincial Capital (Kunduz),85330,87864,173194,90788,92554,183342,176118,180418,356536,exact
1398,2019-2020,19,Kunduz,1902,2,Chahar Darah,40062,41544,81606,,,,40062,41544,81606,exact
1398,2019-2020,19,Kunduz,1903,3,Ali Abad,25838,26521,52359,,,,25838,26521,52359,exact
1398,2019-2020,19,Kunduz,1904,4,Khan Abad,53401,53597,106998,23034,23460,46494,76435,77057,153492,exact
1398,2019-2020,19,Kunduz,1905,5,Hazrati Imam Sahib,90760,93898,184658,19801,19926,39727,110561,113824,224385,exact
1398,2019-2020,19,Kunduz,1906,6,Dasht-e- Archi,44630,45855,90485,1765,1977,3742,46395,47832,94227,exact
1398,2019-2020,19,Kunduz,1907,7,Qala -e-Zal,27927,28872,56799,10563,10740,21303,38490,39612,78102,exact
1398,2019-2020,19,Kunduz,1908,8,Calbad,17161,18192,35353,,,,17161,18192,35353,exact
1398,2019-2020,19,Kunduz,1909,9,Gultipa,5105,5414,10519,,,,5105,5414,10519,exact
1398,2019-2020,19,Kunduz,1910,10,Aqtash,13153,13944,27097,,,,13153,13944,27097,exact
1398,2019-2020,20,Samangan,2001,1,provincial Capital (Aybak),40584,42589,83173,16856,16252,33108,57440,58841,116281,exact
1398,2019-2020,20,Samangan,2002,2,Hazrat -e-Sultan,22185,23777,45962,,,,22185,23777,45962,exact
1398,2019-2020,20,Samangan,2003,3,Khuram Wa Sarbagh,21663,22600,44263,,,,21663,22600,44263,exact
1398,2019-2020,20,Samangan,2004,4,Feroz Nakhcheer,7047,7447,14494,,,,7047,7447,14494,exact
1398,2019-2020,20,Samangan,2005,5,Rui- Do- Ab,24271,26390,50661,,,,24271,26390,50661,exact
1398,2019-2020,20,Samangan,2006,6,Dara -e-soof-i-Payin,38495,40890,79385,,,,38495,40890,79385,exact
1398,2019-2020,20,Samangan,2007,7,Dara -e-soof-e- Bala,35495,36318,71813,,,,35495,36318,71813,exact
1398,2019-2020,21,Balkh,2101,1,provincial Capital (Mazar-e- sharif),,,,232912,236335,469247,232912,236335,469247,exact
1398,2019-2020,21,Balkh,2102,2,Nahri Shahi,24403,25475,49878,,,,24403,25475,49878,exact
1398,2019-2020,21,Balkh,2103,3,Dehdadi,36538,38409,74947,,,,36538,38409,74947,exact
1398,2019-2020,21,Balkh,2104,4,Char kent,24011,25344,49355,,,,24011,25344,49355,exact
1398,2019-2020,21,Balkh,2105,5,Marmul,6264,6402,12666,,,,6264,6402,12666,exact
1398,2019-2020,21,Balkh,2106,6,Balkh,57027,59050,116077,8658,8904,17562,65685,67954,133639,exact
1398,2019-2020,21,Balkh,2107,7,Sholgara,56244,58919,115163,5868,5935,11803,62112,64854,126966,exact
1398,2019-2020,21,Balkh,2108,8,Chimtal,49980,51865,101845,,,,49980,51865,101845,exact
1398,2019-2020,21,Balkh,2109,9,Dawlat Abad,51155,53562,104717,6016,6218,12234,57171,59780,116951,exact
1398,2019-2020,21,Balkh,2110,10,Khulm,12137,12672,24809,27879,28546,56425,40016,41218,81234,exact
1398,2019-2020,21,Balkh,2111,11,Char Bolak,44107,45855,89962,,,,44107,45855,89962,exact
1398,2019-2020,21,Balkh,2112,12,Shortepa,21402,22602,44004,,,,21402,22602,44004,exact
1398,2019-2020,21,Balkh,2113,13,Kaldar,10831,11366,22197,,,,10831,11366,22197,exact
1398,2019-2020,21,Balkh,2114,14,Kishindeh,26491,27565,54056,,,,26491,27565,54056,exact
1398,2019-2020,21,Balkh,2115,15,Zari,23880,24822,48702,,,,23880,24822,48702,exact
1398,2019-2020,22,Sar-e-Pul,2201,1,provincial Capital (Sar-e-Pul),67727,71591,139318,17019,17382,34401,84746,88973,173719,exact
1398,2019-2020,22,Sar-e-Pul,2202,2,Sayyad,29231,31354,60585,,,,29231,31354,60585,exact
1398,2019-2020,22,Sar-e-Pul,2203,3,Kohistanat,43324,45594,88918,,,,43324,45594,88918,exact
1398,2019-2020,22,Sar-e-Pul,2204,4,Sozma Qala,27013,27957,54970,,,,27013,27957,54970,exact
1398,2019-2020,22,Sar-e-Pul,2205,5,Sancharak,47500,51081,98581,7046,7349,14395,54546,58430,112976,exact
1398,2019-2020,22,Sar-e-Pul,2206,6,Gosfandi,31972,30962,62934,,,,31972,30962,62934,exact
1398,2019-2020,22,Sar-e-Pul,2207,7,Balkhab,27143,28741,55884,,,,27143,28741,55884,exact
1398,2019-2020,23,Ghor,2301,1,province Center (Chighcheran),70469,72505,142974,3960,3958,7918,74429,76463,150892,exact
1398,2019-2020,23,Ghor,2302,2,Duleena,19705,20380,40085,,,,19705,20380,40085,exact
1398,2019-2020,23,Ghor,2303,3,Dawlatyar,18009,18290,36299,,,,18009,18290,36299,exact
1398,2019-2020,23,Ghor,2304,4,Char Sada,14877,15547,30424,,,,14877,15547,30424,exact
1398,2019-2020,23,Ghor,2305,5,Pasaband,51415,53955,105370,,,,51415,53955,105370,exact
1398,2019-2020,23,Ghor,2306,6,Shahrak,32101,34359,66460,,,,32101,34359,66460,exact
1398,2019-2020,23,Ghor,2307,7,Lal Wa SarJangal,61726,62708,124434,,,,61726,62708,124434,exact
1398,2019-2020,23,Ghor,2308,8,Taywara,48934,52649,101583,,,,48934,52649,101583,exact
1398,2019-2020,23,Ghor,2309,9,Tulak,27665,29525,57190,,,,27665,29525,57190,exact
1398,2019-2020,23,Ghor,2310,10,Saghar,18530,19987,38517,,,,18530,19987,38517,exact
1398,2019-2020,24,Daykundi,2401,1,provincial Capital (Nili),20619,21475,42094,,,,20619,21475,42094,exact
1398,2019-2020,24,Daykundi,2402,2,Shahristan,38703,40648,79351,,,,38703,40648,79351,exact
1398,2019-2020,24,Daykundi,2403,3,Ishterlai,29406,30715,60121,,,,29406,30715,60121,exact
1398,2019-2020,24,Daykundi,2404,4,Khedir,25802,26713,52515,,,,25802,26713,52515,exact
1398,2019-2020,24,Daykundi,2405,5,kiti,26906,28558,55464,,,,26906,28558,55464,exact
1398,2019-2020,24,Daykundi,2406,6,Miramor,41106,43436,84542,,,,41106,43436,84542,exact
1398,2019-2020,24,Daykundi,2407,7,Sang -e- Takht,28611,29414,58025,,,,28611,29414,58025,exact
1398,2019-2020,24,Daykundi,2408,8,Kejran,17706,18718,36424,,,,17706,18718,36424,exact
1398,2019-2020,24,Daykundi,2409,9,pato,18224,20850,39074,,,,18224,20850,39074,exact
1398,2019-2020,25,Uruzgan,2501,1,provincial Capital (Tirinkot),51154,55523,106677,3814,3815,7629,54968,59338,114306,exact
1398,2019-2020,25,Uruzgan,2502,2,Dehraoud,30926,33183,64109,1908,1979,3887,32834,35162,67996,exact
1398,2019-2020,25,Uruzgan,2503,3,Chora,27796,29003,56799,,,,27796,29003,56799,exact
1398,2019-2020,25,Uruzgan,2504,4,Shahidhassas,32232,33314,65546,,,,32232,33314,65546,exact
1398,2019-2020,25,Uruzgan,2505,5,Khas Urozgan,30405,32399,62804,,,,30405,32399,62804,exact
1398,2019-2020,25,Uruzgan,2506,6,Gizab,22012,20598,42610,2054,2119,4173,24066,22717,46783,exact
1398,2019-2020,25,Uruzgan,2507,7,Chinarto,6917,7315,14232,,,,6917,7315,14232,exact
1398,2019-2020,26,Zabul,2601,1,provincial Capital (Qalat),15398,15971,31369,6311,6392,12703,21709,22363,44072,exact
1398,2019-2020,26,Zabul,2602,2,Tarang Wa Jaldak,10774,11057,21831,,,,10774,11057,21831,exact
1398,2019-2020,26,Zabul,2603,3,Shinkai,15416,15947,31363,,,,15416,15947,31363,exact
1398,2019-2020,26,Zabul,2604,4,Mizan,10290,10960,21250,,,,10290,10960,21250,exact
1398,2019-2020,26,Zabul,2605,5,Arghandab,17616,18682,36298,,,,17616,18682,36298,exact
1398,2019-2020,26,Zabul,2606,6,Shah Joi,38565,39948,78513,,,,38565,39948,78513,exact
1398,2019-2020,26,Zabul,2607,7,Daichopan,21402,22340,43742,,,,21402,22340,43742,exact
1398,2019-2020,26,Zabul,2608,8,Atghar,6844,6972,13816,,,,6844,6972,13816,exact
1398,2019-2020,26,Zabul,2609,9,Naw Bahar,11788,12323,24111,,,,11788,12323,24111,exact
1398,2019-2020,26,Zabul,2610,10,Shemel Zayi,17849,18037,35886,,,,17849,18037,35886,exact
1398,2019-2020,26,Zabul,2611,11,Kakar (khak-e-Afghan ),13050,13716,26766,,,,13050,13716,26766,exact
1398,2019-2020,27,Kandahar,2701,1,provincial Capital (Kandahar),52198,55262,107460,250671,256123,506794,302869,311385,614254,exact
1398,2019-2020,27,Kandahar,2702,2,Arghandab,33407,35404,68811,,,,33407,35404,68811,exact
1398,2019-2020,27,Kandahar,2703,3,Daman,18660,19858,38518,,,,18660,19858,38518,exact
1398,2019-2020,27,Kandahar,2704,4,Panjwayee,47501,49253,96754,,,,47501,49253,96754,exact
1398,2019-2020,27,Kandahar,2705,5,Zhire,46457,48859,95316,,,,46457,48859,95316,exact
1398,2019-2020,27,Kandahar,2706,6,Shah Wali Kot,23489,24692,48181,,,,23489,24692,48181,exact
1398,2019-2020,27,Kandahar,2707,7,Khakrez,12397,12934,25331,,,,12397,12934,25331,exact
1398,2019-2020,27,Kandahar,2708,8,Arghistan,18660,19596,38256,,,,18660,19596,38256,exact
1398,2019-2020,27,Kandahar,2709,9,Ghorak,5220,5487,10707,,,,5220,5487,10707,exact
1398,2019-2020,27,Kandahar,2710,10,Maiwand,32103,33053,65156,,,,32103,33053,65156,exact
1398,2019-2020,27,Kandahar,2711,11,Spin Boldak,54286,57482,111768,,,,54286,57482,111768,exact
1398,2019-2020,27,Kandahar,2712,12,Nesh,7307,7577,14884,,,,7307,7577,14884,exact
1398,2019-2020,27,Kandahar,2713,13,Miyanishin,8091,8622,16713,,,,8091,8622,16713,exact
1398,2019-2020,27,Kandahar,2714,14,Shorabak,6264,6532,12796,,,,6264,6532,12796,exact
1398,2019-2020,27,Kandahar,2715,15,Maruf,17878,18812,36690,,,,17878,18812,36690,exact
1398,2019-2020,27,Kandahar,2716,16,Reg ( Shiga ),4828,5095,9923,,,,4828,5095,9923,exact
1398,2019-2020,27,Kandahar,2717,17,Dand,24534,25344,49878,,,,24534,25344,49878,exact
1398,2019-2020,27,Kandahar,2718,18,Takhta pul,6785,7315,14100,,,,6785,7315,14100,exact
1398,2019-2020,28,Jawzjan,2801,1,provincial Capital (Sheberghan),48023,49382,97405,45898,45505,91403,93921,94887,188808,exact
1398,2019-2020,28,Jawzjan,2802,2,Khwaja Dukoh,14616,15285,29901,,,,14616,15285,29901,exact
1398,2019-2020,28,Jawzjan,2803,3,Khanaqa,12789,13064,25853,,,,12789,13064,25853,exact
1398,2019-2020,28,Jawzjan,2804,4,Mingajik,23228,24430,47658,,,,23228,24430,47658,exact
1398,2019-2020,28,Jawzjan,2805,5,Qush Tepa,12787,13325,26112,,,,12787,13325,26112,exact
1398,2019-2020,28,Jawzjan,2806,6,Khamyab,7569,7969,15538,,,,7569,7969,15538,exact
1398,2019-2020,28,Jawzjan,2807,7,Aqchah,28579,29655,58234,13640,13708,27348,42219,43363,85582,exact
1398,2019-2020,28,Jawzjan,2808,8,Faizabad,22576,23646,46222,,,,22576,23646,46222,exact
1398,2019-2020,28,Jawzjan,2809,9,Mardyan,21141,21687,42828,,,,21141,21687,42828,exact
1398,2019-2020,28,Jawzjan,2810,10,Qarqin,9396,9668,19064,4256,4381,8637,13652,14049,27701,exact
1398,2019-2020,28,Jawzjan,2811,11,Darzab,25577,26782,52359,1173,1131,2304,26750,27913,54663,exact
1398,2019-2020,29,Faryab,2901,1,provincial Capital (Maimana),,,,46647,47059,93706,46647,47059,93706,exact
1398,2019-2020,29,Faryab,2902,2,Pashtun kot,101786,107909,209695,,,,101786,107909,209695,exact
1398,2019-2020,29,Faryab,2903,3,Khwaja Sabz Posh i Wali,27405,29002,56407,,,,27405,29002,56407,exact
1398,2019-2020,29,Faryab,2904,4,Almar,38497,39585,78082,,,,38497,39585,78082,exact
1398,2019-2020,29,Faryab,2905,5,Bilchiragh,28187,29787,57974,,,,28187,29787,57974,exact
1398,2019-2020,29,Faryab,2906,6,Shirin Tagab,44238,46247,90485,,,,44238,46247,90485,exact
1398,2019-2020,29,Faryab,2907,7,Qaisar,77254,80997,158251,,,,77254,80997,158251,exact
1398,2019-2020,29,Faryab,2908,8,Gurziwan,41498,42719,84217,,,,41498,42719,84217,exact
1398,2019-2020,29,Faryab,2909,9,Dawlat Abad,23750,24691,48441,2930,2827,5757,26680,27518,54198,exact
1398,2019-2020,29,Faryab,2910,10,Kohistan,29753,30832,60585,,,,29753,30832,60585,exact
1398,2019-2020,29,Faryab,2911,11,Qaram Qul,10831,10974,21805,,,,10831,10974,21805,exact
1398,2019-2020,29,Faryab,2912,12,Qurghan,25838,26521,52359,,,,25838,26521,52359,exact
1398,2019-2020,29,Faryab,2913,13,Andkhoy,4306,4442,8748,18763,18230,36993,23069,22672,45741,exact
1398,2019-2020,29,Faryab,2914,14,Khani Charbagh,12659,13064,25723,,,,12659,13064,25723,exact
1398,2019-2020,30,Hilmand,3001,1,provincial Capital (Lashkargah),50555,52820,103375,45576,41604,87180,96131,94424,190555,exact
1398,2019-2020,30,Hilmand,3002,2,Nad Ali,88956,94753,183709,,,,88956,94753,183709,exact
1398,2019-2020,30,Hilmand,3003,3,Nawa-i- Barikzayi,53322,56022,109344,,,,53322,56022,109344,exact
1398,2019-2020,30,Hilmand,3004,4,Nahr-i- Saraj,78025,82899,160924,5625,5189,10814,83650,88088,171738,exact
1398,2019-2020,30,Hilmand,3005,5,Washer,14201,14245,28446,,,,14201,14245,28446,exact
1398,2019-2020,30,Hilmand,3006,6,Garm Ser,57535,59648,117183,,,,57535,59648,117183,exact
1398,2019-2020,30,Hilmand,3007,7,Nawzad,47796,48342,96138,,,,47796,48342,96138,exact
1398,2019-2020,30,Hilmand,3008,8,Sangin,37362,38659,76021,,,,37362,38659,76021,exact
1398,2019-2020,30,Hilmand,3009,9,Musa Qala,59497,60155,119652,,,,59497,60155,119652,exact
1398,2019-2020,30,Hilmand,3010,10,Kajaki,56067,58748,114815,,,,56067,58748,114815,exact
1398,2019-2020,30,Hilmand,3011,11,Reg-i-Khan Nishin,12612,13282,25894,,,,12612,13282,25894,exact
1398,2019-2020,30,Hilmand,3012,12,Baghran,53661,55115,108776,,,,53661,55115,108776,exact
1398,2019-2020,30,Hilmand,3013,13,Dishu,15137,14639,29776,,,,15137,14639,29776,exact
1398,2019-2020,30,Hilmand,3014,14,Marja,14484,15416,29900,,,,14484,15416,29900,exact
1398,2019-2020,30,Hilmand,3015,15,Nawamish,9093,9642,18735,,,,9093,9642,18735,exact
1398,2019-2020,31,Badghis,3101,1,provincial Capital (Qala-i- S.Now),28057,29394,57451,8215,8337,16552,36272,37731,74003,exact
1398,2019-2020,31,Badghis,3102,2,Ab Kamari,39932,41805,81737,,,,39932,41805,81737,exact
1398,2019-2020,31,Badghis,3103,3,Muqur,12919,13456,26375,,,,12919,13456,26375,exact
1398,2019-2020,31,Badghis,3104,4,Qadis,48935,52127,101062,,,,48935,52127,101062,exact
1398,2019-2020,31,Badghis,3105,5,Murghab (Bala Murghab),52720,55262,107982,,,,52720,55262,107982,exact
1398,2019-2020,31,Badghis,3106,6,Jawand,43195,44418,87613,,,,43195,44418,87613,exact
1398,2019-2020,31,Badghis,3107,7,Ghormach,30014,31223,61237,,,,30014,31223,61237,exact
1398,2019-2020,32,Hirat,3201,1,province center (Herat),,,,278859,277346,556205,278859,277346,556205,exact
1398,2019-2020,32,Hirat,3202,2,Enjil,133498,138219,271717,,,,133498,138219,271717,exact
1398,2019-2020,32,Hirat,3203,3,Guzera,80387,82696,163083,,,,80387,82696,163083,exact
1398,2019-2020,32,Hirat,3204,4,Karrukh,31450,32008,63458,3816,3958,7774,35266,35966,71232,exact
1398,2019-2020,32,Hirat,3205,5,Zendahjan,31582,31878,63460,,,,31582,31878,63460,exact
1398,2019-2020,32,Hirat,3206,6,Pashtun Zargun,54547,56830,111377,,,,54547,56830,111377,exact
1398,2019-2020,32,Hirat,3207,7,Kushk,59115,60617,119732,9819,9468,19287,68934,70085,139019,exact
1398,2019-2020,32,Hirat,3208,8,Gulran,52200,52387,104587,,,,52200,52387,104587,exact
1398,2019-2020,32,Hirat,3209,9,Adraskan,29623,30047,59670,,,,29623,30047,59670,exact
1398,2019-2020,32,Hirat,3210,10,Kushk-e-Kuhna,25055,25736,50791,,,,25055,25736,50791,exact
1398,2019-2020,32,Hirat,3211,11,Ghoryan,30015,30700,60715,19509,19643,39152,49524,50343,99867,exact
1398,2019-2020,32,Hirat,3212,12,Obe,39410,40890,80300,2052,1978,4030,41462,42868,84330,exact
1398,2019-2020,32,Hirat,3213,13,Kohsan,30145,30309,60454,,,,30145,30309,60454,exact
1398,2019-2020,32,Hirat,3214,14,Shindand,20614,20906,41520,2790,2968,5758,23404,23874,47278,exact
1398,2019-2020,32,Hirat,3215,15,Fersi,16442,17637,34079,,,,16442,17637,34079,exact
1398,2019-2020,32,Hirat,3216,16,Chishti Sharif,12919,13455,26374,,,,12919,13455,26374,exact
1398,2019-2020,32,Hirat,3217,17,Zerko,26224,26570,52794,,,,26224,26570,52794,exact
1398,2019-2020,32,Hirat,3218,18,Pashtko,17478,17707,35185,,,,17478,17707,35185,exact
1398,2019-2020,32,Hirat,3219,19,Kozeor,6449,6534,12983,,,,6449,6534,12983,exact
1398,2019-2020,32,Hirat,3220,20,Zawol,25151,25481,50632,,,,25151,25481,50632,exact
1398,2019-2020,33,Farah,3301,1,provincial Capital (Farah),40976,42850,83826,20546,21198,41744,61522,64048,125570,exact
1398,2019-2020,33,Farah,3302,2,Pushtrud,21924,23255,45179,,,,21924,23255,45179,exact
1398,2019-2020,33,Farah,3303,3,Khak-i-safed,16573,17115,33688,,,,16573,17115,33688,exact
1398,2019-2020,33,Farah,3304,4,Qala-i-kah,16834,17375,34209,,,,16834,17375,34209,exact
1398,2019-2020,33,Farah,3305,5,Shibkoh,12789,13195,25984,,,,12789,13195,25984,exact
1398,2019-2020,33,Farah,3306,6,Bala Buluk,38495,40890,79385,,,,38495,40890,79385,exact
1398,2019-2020,33,Farah,3307,7,Anar Dara,15138,15808,30946,,,,15138,15808,30946,exact
1398,2019-2020,33,Farah,3308,8,Bakwa,19182,20250,39432,,,,19182,20250,39432,exact
1398,2019-2020,33,Farah,3309,9,Lash-i- Juwayn,15138,15938,31076,,,,15138,15938,31076,exact
1398,2019-2020,33,Farah,3310,10,Gulistan,23489,24691,48180,,,,23489,24691,48180,exact
1398,2019-2020,33,Farah,3311,11,Pur Chaman,28578,30831,59409,,,,28578,30831,59409,exact
1398,2019-2020,34,Nimroz,3401,1,provincial Capital (Zaranj),16703,17637,34340,14813,14839,29652,31516,32476,63992,exact
1398,2019-2020,34,Nimroz,3402,2,Kang,12266,12672,24938,,,,12266,12672,24938,exact
1398,2019-2020,34,Nimroz,3403,3,Asl-i-chakhansur,12919,13456,26375,,,,12919,13456,26375,exact
1398,2019-2020,34,Nimroz,3404,4,Char Burjak,14225,15155,29380,,,,14225,15155,29380,exact
1398,2019-2020,34,Nimroz,3405,5,Khashrod,13832,14370,28202,,,,13832,14370,28202,exact
1398,2019-2020,34,Nimroz,3406,6,Dularam,3524,3789,7313,,,,3524,3789,7313,exact
