PC,PS,Type_Of_Station,Candidate,Vote,Total_Invalid_Votes,DistrictID,District_EnglishName,Province_EnglishName,ProvinceId,Invalidated,Gender,PoliticalPartyId,VoterID,CandidateID
2602018,1,M,13,14,9,345,KANG,Nimroz,26,FALSE,M,1,8047835,8047835
2603021,1,M,3,14,1,346,CHAR BURJAK,Nimroz,26,FALSE,M,1,10681061,10681061
2603022,2,M,9,5,0,346,CHAR BURJAK,Nimroz,26,FALSE,M,1,4320501,4320501
2601008,3,F,9,4,14,344,PROVINCIAL CENTER (ZARANJ),Nimroz,26,FALSE,M,1,4320501,4320501
2601010,2,F,8,5,19,344,PROVINCIAL CENTER (ZARANJ),Nimroz,26,FALSE,M,1,6190024,6190024
2606047,1,M,7,3,0,390,DELARAM,Nimroz,26,FALSE,M,1,5680060,5680060
2605046,3,F,8,1,0,348,KHASHROAD,Nimroz,26,FALSE,M,1,6190024,6190024
2605046,3,F,2,1,0,348,KHASHROAD,Nimroz,26,FALSE,M,1,5798504,5798504
2604031,2,M,3,12,1,347,ASL-I-CHAKHANSOOR,Nimroz,26,FALSE,M,1,10681061,10681061
2604029,1,M,2,6,12,347,ASL-I-CHAKHANSOOR,Nimroz,26,FALSE,M,1,5798504,5798504
2604034,3,F,5,3,16,347,ASL-I-CHAKHANSOOR,Nimroz,26,FALSE,M,1,6178406,6178406
2603028,1,M,7,2,1,346,CHAR BURJAK,Nimroz,26,FALSE,M,1,5680060,5680060
2602015,1,M,12,4,6,345,KANG,Nimroz,26,FALSE,F,1,4516002,4516002
2602015,2,F,12,1,4,345,KANG,Nimroz,26,FALSE,F,1,4516002,4516002
2601009,4,F,8,9,12,344,PROVINCIAL CENTER (ZARANJ),Nimroz,26,FALSE,M,1,6190024,6190024
2604031,1,M,11,13,1,347,ASL-I-CHAKHANSOOR,Nimroz,26,FALSE,F,1,5798503,5798503
2604036,3,F,11,11,4,347,ASL-I-CHAKHANSOOR,Nimroz,26,FALSE,F,1,5798503,5798503
2603028,2,M,5,0,3,346,CHAR BURJAK,Nimroz,26,FALSE,M,1,6178406,6178406
2604029,3,F,7,10,10,347,ASL-I-CHAKHANSOOR,Nimroz,26,FALSE,M,1,5680060,5680060
2603028,3,F,13,50,4,346,CHAR BURJAK,Nimroz,26,FALSE,M,1,8047835,8047835
2603025,3,F,12,24,3,346,CHAR BURJAK,Nimroz,26,FALSE,F,1,4516002,4516002
2602016,2,M,12,2,11,345,KANG,Nimroz,26,FALSE,F,1,4516002,4516002
2602017,1,M,12,2,3,345,KANG,Nimroz,26,FALSE,F,1,4516002,4516002
2601007,1,M,6,4,9,344,PROVINCIAL CENTER (ZARANJ),Nimroz,26,FALSE,F,1,9664508,9664508
2601010,1,M,9,5,10,344,PROVINCIAL CENTER (ZARANJ),Nimroz,26,FALSE,M,1,4320501,4320501
2601008,3,F,11,78,14,344,PROVINCIAL CENTER (ZARANJ),Nimroz,26,FALSE,F,1,5798503,5798503
2603028,2,M,12,1,3,346,CHAR BURJAK,Nimroz,26,FALSE,F,1,4516002,4516002
2601004,1,M,13,70,29,344,PROVINCIAL CENTER (ZARANJ),Nimroz,26,FALSE,M,1,8047835,8047835
2601004,1,M,5,3,29,344,PROVINCIAL CENTER (ZARANJ),Nimroz,26,FALSE,M,1,6178406,6178406
2603023,1,M,12,1,0,346,CHAR BURJAK,Nimroz,26,FALSE,F,1,4516002,4516002
2601002,3,F,6,19,15,344,PROVINCIAL CENTER (ZARANJ),Nimroz,26,FALSE,F,1,9664508,9664508
2603020,1,M,13,49,0,346,CHAR BURJAK,Nimroz,26,FALSE,M,1,8047835,8047835
2603021,1,M,7,3,1,346,CHAR BURJAK,Nimroz,26,FALSE,M,1,5680060,5680060
2601003,1,M,9,38,21,344,PROVINCIAL CENTER (ZARANJ),Nimroz,26,FALSE,M,1,4320501,4320501
2601009,2,M,5,5,5,344,PROVINCIAL CENTER (ZARANJ),Nimroz,26,FALSE,M,1,6178406,6178406
2603025,3,F,5,0,3,346,CHAR BURJAK,Nimroz,26,FALSE,M,1,6178406,6178406
2604036,3,F,13,3,4,347,ASL-I-CHAKHANSOOR,Nimroz,26,FALSE,M,1,8047835,8047835
2604031,1,M,5,1,1,347,ASL-I-CHAKHANSOOR,Nimroz,26,FALSE,M,1,6178406,6178406
2604034,2,M,8,2,4,347,ASL-I-CHAKHANSOOR,Nimroz,26,FALSE,M,1,6190024,6190024
2602019,1,M,6,3,1,345,KANG,Nimroz,26,FALSE,F,1,9664508,9664508
2602018,1,M,3,36,9,345,KANG,Nimroz,26,FALSE,M,1,10681061,10681061
2606048,1,M,13,0,0,390,DELARAM,Nimroz,26,FALSE,M,1,8047835,8047835
2603025,2,M,11,5,3,346,CHAR BURJAK,Nimroz,26,FALSE,F,1,5798503,5798503
2603021,3,F,5,1,1,346,CHAR BURJAK,Nimroz,26,FALSE,M,1,6178406,6178406
2601004,3,F,13,35,16,344,PROVINCIAL CENTER (ZARANJ),Nimroz,26,FALSE,M,1,8047835,8047835
2601004,1,M,12,40,29,344,PROVINCIAL CENTER (ZARANJ),Nimroz,26,FALSE,F,1,4516002,4516002
2601005,3,F,3,38,25,344,PROVINCIAL CENTER (ZARANJ),Nimroz,26,FALSE,M,1,10681061,10681061
2601009,4,F,6,36,12,344,PROVINCIAL CENTER (ZARANJ),Nimroz,26,FALSE,F,1,9664508,9664508
2604029,2,M,12,9,3,347,ASL-I-CHAKHANSOOR,Nimroz,26,FALSE,F,1,4516002,4516002
2604029,1,M,9,1,12,347,ASL-I-CHAKHANSOOR,Nimroz,26,FALSE,M,1,4320501,4320501
2602011,1,M,7,2,6,345,KANG,Nimroz,26,FALSE,M,1,5680060,5680060
2602017,2,F,7,2,4,345,KANG,Nimroz,26,FALSE,M,1,5680060,5680060
2602015,1,M,7,5,6,345,KANG,Nimroz,26,FALSE,M,1,5680060,5680060
2603025,3,F,7,1,3,346,CHAR BURJAK,Nimroz,26,FALSE,M,1,5680060,5680060
2601006,2,M,3,15,16,344,PROVINCIAL CENTER (ZARANJ),Nimroz,26,FALSE,M,1,10681061,10681061
2601009,2,M,2,5,5,344,PROVINCIAL CENTER (ZARANJ),Nimroz,26,FALSE,M,1,5798504,5798504
2601008,2,M,2,8,6,344,PROVINCIAL CENTER (ZARANJ),Nimroz,26,FALSE,M,1,5798504,5798504
2601008,3,F,1,21,14,344,PROVINCIAL CENTER (ZARANJ),Nimroz,26,FALSE,M,1,7246439,7246439
2601006,3,F,13,27,21,344,PROVINCIAL CENTER (ZARANJ),Nimroz,26,FALSE,M,1,8047835,8047835
2604032,1,M,7,45,0,347,ASL-I-CHAKHANSOOR,Nimroz,26,FALSE,M,1,5680060,5680060
2606048,1,M,8,3,0,390,DELARAM,Nimroz,26,FALSE,M,1,6190024,6190024
2605046,1,M,8,3,2,348,KHASHROAD,Nimroz,26,FALSE,M,1,6190024,6190024
2602014,1,M,7,20,6,345,KANG,Nimroz,26,FALSE,M,1,5680060,5680060
2602013,1,M,9,4,5,345,KANG,Nimroz,26,FALSE,M,1,4320501,4320501
2601010,2,F,6,125,19,344,PROVINCIAL CENTER (ZARANJ),Nimroz,26,FALSE,F,1,9664508,9664508
2604033,2,M,11,35,1,347,ASL-I-CHAKHANSOOR,Nimroz,26,FALSE,F,1,5798503,5798503
2603028,3,F,12,0,4,346,CHAR BURJAK,Nimroz,26,FALSE,F,1,4516002,4516002
2603025,2,M,2,0,3,346,CHAR BURJAK,Nimroz,26,FALSE,M,1,5798504,5798504
2601002,2,M,12,32,17,344,PROVINCIAL CENTER (ZARANJ),Nimroz,26,FALSE,F,1,4516002,4516002
2602017,1,M,6,5,3,345,KANG,Nimroz,26,FALSE,F,1,9664508,9664508
2602016,1,M,9,10,17,345,KANG,Nimroz,26,FALSE,M,1,4320501,4320501
2601003,3,F,1,14,58,344,PROVINCIAL CENTER (ZARANJ),Nimroz,26,FALSE,M,1,7246439,7246439
2601008,3,F,5,3,14,344,PROVINCIAL CENTER (ZARANJ),Nimroz,26,FALSE,M,1,6178406,6178406
2601007,2,F,3,42,5,344,PROVINCIAL CENTER (ZARANJ),Nimroz,26,FALSE,M,1,10681061,10681061
2605044,1,M,5,2,0,348,KHASHROAD,Nimroz,26,FALSE,M,1,6178406,6178406
2603025,1,M,13,17,2,346,CHAR BURJAK,Nimroz,26,FALSE,M,1,8047835,8047835
2602016,1,M,5,2,17,345,KANG,Nimroz,26,FALSE,M,1,6178406,6178406
2606049,1,M,6,3,3,390,DELARAM,Nimroz,26,FALSE,F,1,9664508,9664508
2604031,3,F,5,0,6,347,ASL-I-CHAKHANSOOR,Nimroz,26,FALSE,M,1,6178406,6178406
2602013,1,M,3,70,5,345,KANG,Nimroz,26,FALSE,M,1,10681061,10681061
2604036,1,M,3,5,4,347,ASL-I-CHAKHANSOOR,Nimroz,26,FALSE,M,1,10681061,10681061
2604033,1,M,3,4,3,347,ASL-I-CHAKHANSOOR,Nimroz,26,FALSE,M,1,10681061,10681061
2603025,3,F,6,8,3,346,CHAR BURJAK,Nimroz,26,FALSE,F,1,9664508,9664508
2601001,1,M,6,96,12,344,PROVINCIAL CENTER (ZARANJ),Nimroz,26,FALSE,F,1,9664508,9664508
2601009,1,M,9,14,16,344,PROVINCIAL CENTER (ZARANJ),Nimroz,26,FALSE,M,1,4320501,4320501
2601002,1,M,12,36,26,344,PROVINCIAL CENTER (ZARANJ),Nimroz,26,FALSE,F,1,4516002,4516002
2601005,1,M,3,36,7,344,PROVINCIAL CENTER (ZARANJ),Nimroz,26,FALSE,M,1,10681061,10681061
2603023,3,F,3,8,3,346,CHAR BURJAK,Nimroz,26,FALSE,M,1,10681061,10681061
2601009,3,F,6,60,7,344,PROVINCIAL CENTER (ZARANJ),Nimroz,26,FALSE,F,1,9664508,9664508
2602017,1,M,7,6,3,345,KANG,Nimroz,26,FALSE,M,1,5680060,5680060
2602012,2,F,5,1,11,345,KANG,Nimroz,26,FALSE,M,1,6178406,6178406
2604029,1,M,1,4,12,347,ASL-I-CHAKHANSOOR,Nimroz,26,FALSE,M,1,7246439,7246439
2604034,2,M,9,0,4,347,ASL-I-CHAKHANSOOR,Nimroz,26,FALSE,M,1,4320501,4320501
2601003,3,F,6,205,58,344,PROVINCIAL CENTER (ZARANJ),Nimroz,26,FALSE,F,1,9664508,9664508
2603023,3,F,13,75,3,346,CHAR BURJAK,Nimroz,26,FALSE,M,1,8047835,8047835
2601009,2,M,13,8,5,344,PROVINCIAL CENTER (ZARANJ),Nimroz,26,FALSE,M,1,8047835,8047835
2603020,1,M,6,4,0,346,CHAR BURJAK,Nimroz,26,FALSE,F,1,9664508,9664508
2604033,2,M,2,1,1,347,ASL-I-CHAKHANSOOR,Nimroz,26,FALSE,M,1,5798504,5798504
2605044,3,F,11,1,0,348,KHASHROAD,Nimroz,26,FALSE,F,1,5798503,5798503
2602015,1,M,9,46,6,345,KANG,Nimroz,26,FALSE,M,1,4320501,4320501
2602016,2,M,11,19,11,345,KANG,Nimroz,26,FALSE,F,1,5798503,5798503
2601003,1,M,8,36,21,344,PROVINCIAL CENTER (ZARANJ),Nimroz,26,FALSE,M,1,6190024,6190024
2603028,2,M,2,1,3,346,CHAR BURJAK,Nimroz,26,FALSE,M,1,5798504,5798504
2601009,1,M,2,2,16,344,PROVINCIAL CENTER (ZARANJ),Nimroz,26,FALSE,M,1,5798504,5798504
2604032,3,F,6,6,8,347,ASL-I-CHAKHANSOOR,Nimroz,26,FALSE,F,1,9664508,9664508
2604031,1,M,3,9,1,347,ASL-I-CHAKHANSOOR,Nimroz,26,FALSE,M,1,10681061,10681061
2603022,2,M,13,43,0,346,CHAR BURJAK,Nimroz,26,FALSE,M,1,8047835,8047835
2604034,3,F,12,6,16,347,ASL-I-CHAKHANSOOR,Nimroz,26,FALSE,F,1,4516002,4516002
2601003,3,F,7,21,58,344,PROVINCIAL CENTER (ZARANJ),Nimroz,26,FALSE,M,1,5680060,5680060
2604032,2,M,7,46,2,347,ASL-I-CHAKHANSOOR,Nimroz,26,FALSE,M,1,5680060,5680060
2601005,1,M,9,27,7,344,PROVINCIAL CENTER (ZARANJ),Nimroz,26,FALSE,M,1,4320501,4320501
2601005,2,M,11,64,20,344,PROVINCIAL CENTER (ZARANJ),Nimroz,26,FALSE,F,1,5798503,5798503
2601006,3,F,2,5,21,344,PROVINCIAL CENTER (ZARANJ),Nimroz,26,FALSE,M,1,5798504,5798504
2601006,2,M,8,18,16,344,PROVINCIAL CENTER (ZARANJ),Nimroz,26,FALSE,M,1,6190024,6190024
2605044,2,M,12,0,0,348,KHASHROAD,Nimroz,26,FALSE,F,1,4516002,4516002
2603023,2,M,1,2,4,346,CHAR BURJAK,Nimroz,26,FALSE,M,1,7246439,7246439
2602012,2,F,13,5,11,345,KANG,Nimroz,26,FALSE,M,1,8047835,8047835
2604034,3,F,11,52,16,347,ASL-I-CHAKHANSOOR,Nimroz,26,FALSE,F,1,5798503,5798503
2602016,1,M,7,9,17,345,KANG,Nimroz,26,FALSE,M,1,5680060,5680060
2602012,1,M,9,1,15,345,KANG,Nimroz,26,FALSE,M,1,4320501,4320501
2602012,1,M,2,1,15,345,KANG,Nimroz,26,FALSE,M,1,5798504,5798504
2601003,2,M,11,85,26,344,PROVINCIAL CENTER (ZARANJ),Nimroz,26,FALSE,F,1,5798503,5798503
2601006,3,F,12,22,21,344,PROVINCIAL CENTER (ZARANJ),Nimroz,26,FALSE,F,1,4516002,4516002
2603020,2,M,13,29,2,346,CHAR BURJAK,Nimroz,26,FALSE,M,1,8047835,8047835
2603028,1,M,6,1,1,346,CHAR BURJAK,Nimroz,26,FALSE,F,1,9664508,9664508
2601005,3,F,12,36,25,344,PROVINCIAL CENTER (ZARANJ),Nimroz,26,FALSE,F,1,4516002,4516002
2604036,3,F,3,20,4,347,ASL-I-CHAKHANSOOR,Nimroz,26,FALSE,M,1,10681061,10681061
2604032,2,M,6,4,2,347,ASL-I-CHAKHANSOOR,Nimroz,26,FALSE,F,1,9664508,9664508
2604031,3,F,9,0,6,347,ASL-I-CHAKHANSOOR,Nimroz,26,FALSE,M,1,4320501,4320501
2604033,3,F,6,10,2,347,ASL-I-CHAKHANSOOR,Nimroz,26,FALSE,F,1,9664508,9664508
2604029,3,F,12,20,10,347,ASL-I-CHAKHANSOOR,Nimroz,26,FALSE,F,1,4516002,4516002
2602012,2,F,12,3,11,345,KANG,Nimroz,26,FALSE,F,1,4516002,4516002
2601006,1,M,2,33,21,344,PROVINCIAL CENTER (ZARANJ),Nimroz,26,FALSE,M,1,5798504,5798504
2603020,1,M,2,0,0,346,CHAR BURJAK,Nimroz,26,FALSE,M,1,5798504,5798504
2606048,1,M,6,6,0,390,DELARAM,Nimroz,26,FALSE,F,1,9664508,9664508
2603028,3,F,6,0,4,346,CHAR BURJAK,Nimroz,26,FALSE,F,1,9664508,9664508
2601005,1,M,1,30,7,344,PROVINCIAL CENTER (ZARANJ),Nimroz,26,FALSE,M,1,7246439,7246439
2601006,3,F,9,24,21,344,PROVINCIAL CENTER (ZARANJ),Nimroz,26,FALSE,M,1,4320501,4320501
2602018,2,F,2,1,16,345,KANG,Nimroz,26,FALSE,M,1,5798504,5798504
2602012,2,F,6,1,11,345,KANG,Nimroz,26,FALSE,F,1,9664508,9664508
2606048,1,M,1,47,0,390,DELARAM,Nimroz,26,FALSE,M,1,7246439,7246439
2604034,1,M,3,3,2,347,ASL-I-CHAKHANSOOR,Nimroz,26,FALSE,M,1,10681061,10681061
2601002,3,F,7,7,15,344,PROVINCIAL CENTER (ZARANJ),Nimroz,26,FALSE,M,1,5680060,5680060
2604034,1,M,5,0,2,347,ASL-I-CHAKHANSOOR,Nimroz,26,FALSE,M,1,6178406,6178406
2604031,3,F,8,0,6,347,ASL-I-CHAKHANSOOR,Nimroz,26,FALSE,M,1,6190024,6190024
2602017,2,F,13,2,4,345,KANG,Nimroz,26,FALSE,M,1,8047835,8047835
2603025,3,F,1,1,3,346,CHAR BURJAK,Nimroz,26,FALSE,M,1,7246439,7246439
2604036,2,M,8,12,0,347,ASL-I-CHAKHANSOOR,Nimroz,26,FALSE,M,1,6190024,6190024
2601006,2,M,6,105,16,344,PROVINCIAL CENTER (ZARANJ),Nimroz,26,FALSE,F,1,9664508,9664508
2603022,1,M,7,2,9,346,CHAR BURJAK,Nimroz,26,FALSE,M,1,5680060,5680060
2603025,3,F,8,0,3,346,CHAR BURJAK,Nimroz,26,FALSE,M,1,6190024,6190024
2603022,2,M,8,2,0,346,CHAR BURJAK,Nimroz,26,FALSE,M,1,6190024,6190024
2601003,1,M,2,16,21,344,PROVINCIAL CENTER (ZARANJ),Nimroz,26,FALSE,M,1,5798504,5798504
2601002,1,M,6,87,26,344,PROVINCIAL CENTER (ZARANJ),Nimroz,26,FALSE,F,1,9664508,9664508
2603020,2,M,12,1,2,346,CHAR BURJAK,Nimroz,26,FALSE,F,1,4516002,4516002
2603021,3,F,12,10,1,346,CHAR BURJAK,Nimroz,26,FALSE,F,1,4516002,4516002
2604031,2,M,5,0,1,347,ASL-I-CHAKHANSOOR,Nimroz,26,FALSE,M,1,6178406,6178406
2604031,2,M,12,7,1,347,ASL-I-CHAKHANSOOR,Nimroz,26,FALSE,F,1,4516002,4516002
2606048,1,M,7,2,0,390,DELARAM,Nimroz,26,FALSE,M,1,5680060,5680060
2602014,2,F,9,14,7,345,KANG,Nimroz,26,FALSE,M,1,4320501,4320501
2604036,3,F,9,1,4,347,ASL-I-CHAKHANSOOR,Nimroz,26,FALSE,M,1,4320501,4320501
2604031,2,M,6,6,1,347,ASL-I-CHAKHANSOOR,Nimroz,26,FALSE,F,1,9664508,9664508
2603028,1,M,11,3,1,346,CHAR BURJAK,Nimroz,26,FALSE,F,1,5798503,5798503
2604033,2,M,6,4,1,347,ASL-I-CHAKHANSOOR,Nimroz,26,FALSE,F,1,9664508,9664508
2601004,4,F,3,28,18,344,PROVINCIAL CENTER (ZARANJ),Nimroz,26,FALSE,M,1,10681061,10681061
2603022,2,M,3,4,0,346,CHAR BURJAK,Nimroz,26,FALSE,M,1,10681061,10681061
2601004,1,M,1,92,29,344,PROVINCIAL CENTER (ZARANJ),Nimroz,26,FALSE,M,1,7246439,7246439
2602016,2,M,3,28,11,345,KANG,Nimroz,26,FALSE,M,1,10681061,10681061
2601007,1,M,9,4,9,344,PROVINCIAL CENTER (ZARANJ),Nimroz,26,FALSE,M,1,4320501,4320501
2601009,1,M,12,16,16,344,PROVINCIAL CENTER (ZARANJ),Nimroz,26,FALSE,F,1,4516002,4516002
2604029,2,M,3,26,3,347,ASL-I-CHAKHANSOOR,Nimroz,26,FALSE,M,1,10681061,10681061
2604032,3,F,12,11,8,347,ASL-I-CHAKHANSOOR,Nimroz,26,FALSE,F,1,4516002,4516002
2603025,1,M,2,0,2,346,CHAR BURJAK,Nimroz,26,FALSE,M,1,5798504,5798504
2601008,2,M,5,1,6,344,PROVINCIAL CENTER (ZARANJ),Nimroz,26,FALSE,M,1,6178406,6178406
2601003,2,M,2,13,26,344,PROVINCIAL CENTER (ZARANJ),Nimroz,26,FALSE,M,1,5798504,5798504
2601005,2,M,2,12,20,344,PROVINCIAL CENTER (ZARANJ),Nimroz,26,FALSE,M,1,5798504,5798504
2601001,2,M,13,27,9,344,PROVINCIAL CENTER (ZARANJ),Nimroz,26,FALSE,M,1,8047835,8047835
2601009,3,F,1,2,7,344,PROVINCIAL CENTER (ZARANJ),Nimroz,26,FALSE,M,1,7246439,7246439
2602016,3,F,11,37,18,345,KANG,Nimroz,26,FALSE,F,1,5798503,5798503
2604034,2,M,7,49,4,347,ASL-I-CHAKHANSOOR,Nimroz,26,FALSE,M,1,5680060,5680060
2602016,3,F,12,7,18,345,KANG,Nimroz,26,FALSE,F,1,4516002,4516002
2602012,2,F,2,1,11,345,KANG,Nimroz,26,FALSE,M,1,5798504,5798504
2602016,1,M,3,52,17,345,KANG,Nimroz,26,FALSE,M,1,10681061,10681061
2606047,1,M,1,41,0,390,DELARAM,Nimroz,26,FALSE,M,1,7246439,7246439
2606048,1,M,11,0,0,390,DELARAM,Nimroz,26,FALSE,F,1,5798503,5798503
2601004,2,M,9,35,13,344,PROVINCIAL CENTER (ZARANJ),Nimroz,26,FALSE,M,1,4320501,4320501
2601002,2,M,11,80,17,344,PROVINCIAL CENTER (ZARANJ),Nimroz,26,FALSE,F,1,5798503,5798503
2601002,3,F,11,145,15,344,PROVINCIAL CENTER (ZARANJ),Nimroz,26,FALSE,F,1,5798503,5798503
2604032,2,M,12,6,2,347,ASL-I-CHAKHANSOOR,Nimroz,26,FALSE,F,1,4516002,4516002
2601001,1,M,8,24,12,344,PROVINCIAL CENTER (ZARANJ),Nimroz,26,FALSE,M,1,6190024,6190024
2601005,3,F,1,3,25,344,PROVINCIAL CENTER (ZARANJ),Nimroz,26,FALSE,M,1,7246439,7246439
2601003,2,M,7,23,26,344,PROVINCIAL CENTER (ZARANJ),Nimroz,26,FALSE,M,1,5680060,5680060
2601004,4,F,12,37,18,344,PROVINCIAL CENTER (ZARANJ),Nimroz,26,FALSE,F,1,4516002,4516002
2602014,2,F,8,24,7,345,KANG,Nimroz,26,FALSE,M,1,6190024,6190024
2601010,2,F,2,4,19,344,PROVINCIAL CENTER (ZARANJ),Nimroz,26,FALSE,M,1,5798504,5798504
2601004,2,M,8,33,13,344,PROVINCIAL CENTER (ZARANJ),Nimroz,26,FALSE,M,1,6190024,6190024
2601009,2,M,1,14,5,344,PROVINCIAL CENTER (ZARANJ),Nimroz,26,FALSE,M,1,7246439,7246439
2605044,2,M,5,2,0,348,KHASHROAD,Nimroz,26,FALSE,M,1,6178406,6178406
2601001,3,F,13,26,56,344,PROVINCIAL CENTER (ZARANJ),Nimroz,26,FALSE,M,1,8047835,8047835
2601008,1,M,13,17,12,344,PROVINCIAL CENTER (ZARANJ),Nimroz,26,FALSE,M,1,8047835,8047835
2602014,1,M,1,8,6,345,KANG,Nimroz,26,FALSE,M,1,7246439,7246439
2602013,2,F,12,3,6,345,KANG,Nimroz,26,FALSE,F,1,4516002,4516002
2606049,1,M,11,1,3,390,DELARAM,Nimroz,26,FALSE,F,1,5798503,5798503
2602016,3,F,13,9,18,345,KANG,Nimroz,26,FALSE,M,1,8047835,8047835
2602016,3,F,7,16,18,345,KANG,Nimroz,26,FALSE,M,1,5680060,5680060
2602018,2,F,7,8,16,345,KANG,Nimroz,26,FALSE,M,1,5680060,5680060
2602015,1,M,5,2,6,345,KANG,Nimroz,26,FALSE,M,1,6178406,6178406
2604031,2,M,7,21,1,347,ASL-I-CHAKHANSOOR,Nimroz,26,FALSE,M,1,5680060,5680060
2603023,1,M,3,3,0,346,CHAR BURJAK,Nimroz,26,FALSE,M,1,10681061,10681061
2603020,1,M,3,6,0,346,CHAR BURJAK,Nimroz,26,FALSE,M,1,10681061,10681061
2601005,3,F,2,3,25,344,PROVINCIAL CENTER (ZARANJ),Nimroz,26,FALSE,M,1,5798504,5798504
2601001,2,M,12,19,9,344,PROVINCIAL CENTER (ZARANJ),Nimroz,26,FALSE,F,1,4516002,4516002
2601001,2,M,9,45,9,344,PROVINCIAL CENTER (ZARANJ),Nimroz,26,FALSE,M,1,4320501,4320501
2604029,1,M,5,3,12,347,ASL-I-CHAKHANSOOR,Nimroz,26,FALSE,M,1,6178406,6178406
2603023,1,M,13,28,0,346,CHAR BURJAK,Nimroz,26,FALSE,M,1,8047835,8047835
2603022,1,M,11,4,9,346,CHAR BURJAK,Nimroz,26,FALSE,F,1,5798503,5798503
2604029,3,F,5,1,10,347,ASL-I-CHAKHANSOOR,Nimroz,26,FALSE,M,1,6178406,6178406
2601002,4,F,3,125,21,344,PROVINCIAL CENTER (ZARANJ),Nimroz,26,FALSE,M,1,10681061,10681061
2601004,3,F,12,54,16,344,PROVINCIAL CENTER (ZARANJ),Nimroz,26,FALSE,F,1,4516002,4516002
2603025,2,M,7,1,3,346,CHAR BURJAK,Nimroz,26,FALSE,M,1,5680060,5680060
2601004,3,F,7,14,16,344,PROVINCIAL CENTER (ZARANJ),Nimroz,26,FALSE,M,1,5680060,5680060
2601002,3,F,13,39,15,344,PROVINCIAL CENTER (ZARANJ),Nimroz,26,FALSE,M,1,8047835,8047835
2603020,3,F,7,7,0,346,CHAR BURJAK,Nimroz,26,FALSE,M,1,5680060,5680060
2604034,3,F,13,14,16,347,ASL-I-CHAKHANSOOR,Nimroz,26,FALSE,M,1,8047835,8047835
2602016,3,F,8,8,18,345,KANG,Nimroz,26,FALSE,M,1,6190024,6190024
2602016,1,M,2,11,17,345,KANG,Nimroz,26,FALSE,M,1,5798504,5798504
2602012,2,F,3,73,11,345,KANG,Nimroz,26,FALSE,M,1,10681061,10681061
2601007,2,F,2,2,5,344,PROVINCIAL CENTER (ZARANJ),Nimroz,26,FALSE,M,1,5798504,5798504
2603022,3,F,6,8,5,346,CHAR BURJAK,Nimroz,26,FALSE,F,1,9664508,9664508
2601004,2,M,3,68,13,344,PROVINCIAL CENTER (ZARANJ),Nimroz,26,FALSE,M,1,10681061,10681061
2601004,2,M,1,63,13,344,PROVINCIAL CENTER (ZARANJ),Nimroz,26,FALSE,M,1,7246439,7246439
2601008,1,M,6,31,12,344,PROVINCIAL CENTER (ZARANJ),Nimroz,26,FALSE,F,1,9664508,9664508
2601003,2,M,8,33,26,344,PROVINCIAL CENTER (ZARANJ),Nimroz,26,FALSE,M,1,6190024,6190024
2601009,1,M,8,24,16,344,PROVINCIAL CENTER (ZARANJ),Nimroz,26,FALSE,M,1,6190024,6190024
2603023,3,F,11,2,3,346,CHAR BURJAK,Nimroz,26,FALSE,F,1,5798503,5798503
2603020,1,M,5,0,0,346,CHAR BURJAK,Nimroz,26,FALSE,M,1,6178406,6178406
2601002,4,F,2,7,21,344,PROVINCIAL CENTER (ZARANJ),Nimroz,26,FALSE,M,1,5798504,5798504
2603025,2,M,13,16,3,346,CHAR BURJAK,Nimroz,26,FALSE,M,1,8047835,8047835
2601003,1,M,7,30,21,344,PROVINCIAL CENTER (ZARANJ),Nimroz,26,FALSE,M,1,5680060,5680060
2601009,2,M,7,8,5,344,PROVINCIAL CENTER (ZARANJ),Nimroz,26,FALSE,M,1,5680060,5680060
2602011,2,F,2,3,5,345,KANG,Nimroz,26,FALSE,M,1,5798504,5798504
2606047,1,M,2,5,0,390,DELARAM,Nimroz,26,FALSE,M,1,5798504,5798504
2604033,2,M,9,1,1,347,ASL-I-CHAKHANSOOR,Nimroz,26,FALSE,M,1,4320501,4320501
2604031,2,M,11,12,1,347,ASL-I-CHAKHANSOOR,Nimroz,26,FALSE,F,1,5798503,5798503
2601007,1,M,11,5,9,344,PROVINCIAL CENTER (ZARANJ),Nimroz,26,FALSE,F,1,5798503,5798503
2601002,4,F,11,121,21,344,PROVINCIAL CENTER (ZARANJ),Nimroz,26,FALSE,F,1,5798503,5798503
2601001,3,F,11,183,56,344,PROVINCIAL CENTER (ZARANJ),Nimroz,26,FALSE,F,1,5798503,5798503
2602015,1,M,13,20,6,345,KANG,Nimroz,26,FALSE,M,1,8047835,8047835
2602018,2,F,13,9,16,345,KANG,Nimroz,26,FALSE,M,1,8047835,8047835
2602016,3,F,5,2,18,345,KANG,Nimroz,26,FALSE,M,1,6178406,6178406
2602014,2,F,2,1,7,345,KANG,Nimroz,26,FALSE,M,1,5798504,5798504
2601003,1,M,5,7,21,344,PROVINCIAL CENTER (ZARANJ),Nimroz,26,FALSE,M,1,6178406,6178406
2601003,3,F,2,3,58,344,PROVINCIAL CENTER (ZARANJ),Nimroz,26,FALSE,M,1,5798504,5798504
2601001,2,M,2,20,9,344,PROVINCIAL CENTER (ZARANJ),Nimroz,26,FALSE,M,1,5798504,5798504
2605044,2,M,7,1,0,348,KHASHROAD,Nimroz,26,FALSE,M,1,5680060,5680060
2605044,1,M,11,2,0,348,KHASHROAD,Nimroz,26,FALSE,F,1,5798503,5798503
2601003,1,M,11,75,21,344,PROVINCIAL CENTER (ZARANJ),Nimroz,26,FALSE,F,1,5798503,5798503
2602019,1,M,2,0,1,345,KANG,Nimroz,26,FALSE,M,1,5798504,5798504
2604029,1,M,8,9,12,347,ASL-I-CHAKHANSOOR,Nimroz,26,FALSE,M,1,6190024,6190024
2602013,2,F,8,16,6,345,KANG,Nimroz,26,FALSE,M,1,6190024,6190024
2603020,3,F,13,123,0,346,CHAR BURJAK,Nimroz,26,FALSE,M,1,8047835,8047835
2601006,1,M,12,40,21,344,PROVINCIAL CENTER (ZARANJ),Nimroz,26,FALSE,F,1,4516002,4516002
2601004,1,M,3,59,29,344,PROVINCIAL CENTER (ZARANJ),Nimroz,26,FALSE,M,1,10681061,10681061
2603028,2,M,1,0,3,346,CHAR BURJAK,Nimroz,26,FALSE,M,1,7246439,7246439
2601004,1,M,7,20,29,344,PROVINCIAL CENTER (ZARANJ),Nimroz,26,FALSE,M,1,5680060,5680060
2601006,2,M,7,22,16,344,PROVINCIAL CENTER (ZARANJ),Nimroz,26,FALSE,M,1,5680060,5680060
2601006,2,M,5,3,16,344,PROVINCIAL CENTER (ZARANJ),Nimroz,26,FALSE,M,1,6178406,6178406
2602014,1,M,13,11,6,345,KANG,Nimroz,26,FALSE,M,1,8047835,8047835
2604029,2,M,6,13,3,347,ASL-I-CHAKHANSOOR,Nimroz,26,FALSE,F,1,9664508,9664508
2602018,2,F,8,1,16,345,KANG,Nimroz,26,FALSE,M,1,6190024,6190024
2601003,2,M,9,35,26,344,PROVINCIAL CENTER (ZARANJ),Nimroz,26,FALSE,M,1,4320501,4320501
2601008,2,M,6,25,6,344,PROVINCIAL CENTER (ZARANJ),Nimroz,26,FALSE,F,1,9664508,9664508
2601001,2,M,6,51,9,344,PROVINCIAL CENTER (ZARANJ),Nimroz,26,FALSE,F,1,9664508,9664508
2604032,1,M,13,14,0,347,ASL-I-CHAKHANSOOR,Nimroz,26,FALSE,M,1,8047835,8047835
2603021,2,M,13,69,3,346,CHAR BURJAK,Nimroz,26,FALSE,M,1,8047835,8047835
2601004,2,M,7,15,13,344,PROVINCIAL CENTER (ZARANJ),Nimroz,26,FALSE,M,1,5680060,5680060
2604029,1,M,6,7,12,347,ASL-I-CHAKHANSOOR,Nimroz,26,FALSE,F,1,9664508,9664508
2604034,3,F,3,7,16,347,ASL-I-CHAKHANSOOR,Nimroz,26,FALSE,M,1,10681061,10681061
2604032,2,M,9,0,2,347,ASL-I-CHAKHANSOOR,Nimroz,26,FALSE,M,1,4320501,4320501
2602013,2,F,7,5,6,345,KANG,Nimroz,26,FALSE,M,1,5680060,5680060
2603028,3,F,2,0,4,346,CHAR BURJAK,Nimroz,26,FALSE,M,1,5798504,5798504
2603022,1,M,5,1,9,346,CHAR BURJAK,Nimroz,26,FALSE,M,1,6178406,6178406
2604036,3,F,5,1,4,347,ASL-I-CHAKHANSOOR,Nimroz,26,FALSE,M,1,6178406,6178406
2602011,1,M,5,2,6,345,KANG,Nimroz,26,FALSE,M,1,6178406,6178406
2602017,1,M,8,7,3,345,KANG,Nimroz,26,FALSE,M,1,6190024,6190024
2603020,2,M,11,2,2,346,CHAR BURJAK,Nimroz,26,FALSE,F,1,5798503,5798503
2601009,1,M,5,4,16,344,PROVINCIAL CENTER (ZARANJ),Nimroz,26,FALSE,M,1,6178406,6178406
2601006,2,M,2,13,16,344,PROVINCIAL CENTER (ZARANJ),Nimroz,26,FALSE,M,1,5798504,5798504
2601010,1,M,13,44,10,344,PROVINCIAL CENTER (ZARANJ),Nimroz,26,FALSE,M,1,8047835,8047835
2601008,1,M,5,2,12,344,PROVINCIAL CENTER (ZARANJ),Nimroz,26,FALSE,M,1,6178406,6178406
2601002,4,F,5,8,21,344,PROVINCIAL CENTER (ZARANJ),Nimroz,26,FALSE,M,1,6178406,6178406
2601008,1,M,9,11,12,344,PROVINCIAL CENTER (ZARANJ),Nimroz,26,FALSE,M,1,4320501,4320501
2603025,2,M,12,12,3,346,CHAR BURJAK,Nimroz,26,FALSE,F,1,4516002,4516002
2604036,3,F,6,1,4,347,ASL-I-CHAKHANSOOR,Nimroz,26,FALSE,F,1,9664508,9664508
2604031,2,M,9,0,1,347,ASL-I-CHAKHANSOOR,Nimroz,26,FALSE,M,1,4320501,4320501
2602019,2,F,12,1,0,345,KANG,Nimroz,26,FALSE,F,1,4516002,4516002
2606054,1,M,8,3,0,390,DELARAM,Nimroz,26,FALSE,M,1,6190024,6190024
2603021,2,M,8,7,3,346,CHAR BURJAK,Nimroz,26,FALSE,M,1,6190024,6190024
2603023,3,F,8,26,3,346,CHAR BURJAK,Nimroz,26,FALSE,M,1,6190024,6190024
2601001,2,M,1,19,9,344,PROVINCIAL CENTER (ZARANJ),Nimroz,26,FALSE,M,1,7246439,7246439
2604036,3,F,7,2,4,347,ASL-I-CHAKHANSOOR,Nimroz,26,FALSE,M,1,5680060,5680060
2604032,3,F,13,9,8,347,ASL-I-CHAKHANSOOR,Nimroz,26,FALSE,M,1,8047835,8047835
2603028,2,M,6,3,3,346,CHAR BURJAK,Nimroz,26,FALSE,F,1,9664508,9664508
2601010,1,M,11,70,10,344,PROVINCIAL CENTER (ZARANJ),Nimroz,26,FALSE,F,1,5798503,5798503
2603025,1,M,12,13,2,346,CHAR BURJAK,Nimroz,26,FALSE,F,1,4516002,4516002
2601003,2,M,6,205,26,344,PROVINCIAL CENTER (ZARANJ),Nimroz,26,FALSE,F,1,9664508,9664508
2601007,2,F,5,0,5,344,PROVINCIAL CENTER (ZARANJ),Nimroz,26,FALSE,M,1,6178406,6178406
2602017,1,M,1,1,3,345,KANG,Nimroz,26,FALSE,M,1,7246439,7246439
2602011,1,M,1,1,6,345,KANG,Nimroz,26,FALSE,M,1,7246439,7246439
2604031,1,M,7,28,1,347,ASL-I-CHAKHANSOOR,Nimroz,26,FALSE,M,1,5680060,5680060
2602017,1,M,2,2,3,345,KANG,Nimroz,26,FALSE,M,1,5798504,5798504
2602013,1,M,6,4,5,345,KANG,Nimroz,26,FALSE,F,1,9664508,9664508
2602013,1,M,13,15,5,345,KANG,Nimroz,26,FALSE,M,1,8047835,8047835
2602013,2,F,1,0,6,345,KANG,Nimroz,26,FALSE,M,1,7246439,7246439
2601006,2,M,12,15,16,344,PROVINCIAL CENTER (ZARANJ),Nimroz,26,FALSE,F,1,4516002,4516002
2601009,2,M,12,20,5,344,PROVINCIAL CENTER (ZARANJ),Nimroz,26,FALSE,F,1,4516002,4516002
2601004,1,M,2,8,29,344,PROVINCIAL CENTER (ZARANJ),Nimroz,26,FALSE,M,1,5798504,5798504
2601003,3,F,8,28,58,344,PROVINCIAL CENTER (ZARANJ),Nimroz,26,FALSE,M,1,6190024,6190024
2604032,3,F,11,14,8,347,ASL-I-CHAKHANSOOR,Nimroz,26,FALSE,F,1,5798503,5798503
2604034,2,M,11,48,4,347,ASL-I-CHAKHANSOOR,Nimroz,26,FALSE,F,1,5798503,5798503
2602011,1,M,6,6,6,345,KANG,Nimroz,26,FALSE,F,1,9664508,9664508
2602017,1,M,11,19,3,345,KANG,Nimroz,26,FALSE,F,1,5798503,5798503
2602019,1,M,8,1,1,345,KANG,Nimroz,26,FALSE,M,1,6190024,6190024
2606049,1,M,12,9,3,390,DELARAM,Nimroz,26,FALSE,F,1,4516002,4516002
2602017,2,F,6,3,4,345,KANG,Nimroz,26,FALSE,F,1,9664508,9664508
2602016,2,M,9,6,11,345,KANG,Nimroz,26,FALSE,M,1,4320501,4320501
2603028,3,F,3,2,4,346,CHAR BURJAK,Nimroz,26,FALSE,M,1,10681061,10681061
2603028,2,M,3,0,3,346,CHAR BURJAK,Nimroz,26,FALSE,M,1,10681061,10681061
2601008,1,M,12,15,12,344,PROVINCIAL CENTER (ZARANJ),Nimroz,26,FALSE,F,1,4516002,4516002
2602011,1,M,13,21,6,345,KANG,Nimroz,26,FALSE,M,1,8047835,8047835
2601004,2,M,13,66,13,344,PROVINCIAL CENTER (ZARANJ),Nimroz,26,FALSE,M,1,8047835,8047835
2602013,2,F,9,0,6,345,KANG,Nimroz,26,FALSE,M,1,4320501,4320501
2602019,1,M,13,6,1,345,KANG,Nimroz,26,FALSE,M,1,8047835,8047835
2601002,1,M,5,2,26,344,PROVINCIAL CENTER (ZARANJ),Nimroz,26,FALSE,M,1,6178406,6178406
2601010,1,M,6,148,10,344,PROVINCIAL CENTER (ZARANJ),Nimroz,26,FALSE,F,1,9664508,9664508
2601009,3,F,12,15,7,344,PROVINCIAL CENTER (ZARANJ),Nimroz,26,FALSE,F,1,4516002,4516002
2603028,3,F,5,0,4,346,CHAR BURJAK,Nimroz,26,FALSE,M,1,6178406,6178406
2601001,2,M,7,24,9,344,PROVINCIAL CENTER (ZARANJ),Nimroz,26,FALSE,M,1,5680060,5680060
2602012,1,M,6,1,15,345,KANG,Nimroz,26,FALSE,F,1,9664508,9664508
2601007,1,M,3,66,9,344,PROVINCIAL CENTER (ZARANJ),Nimroz,26,FALSE,M,1,10681061,10681061
2603020,3,F,9,0,0,346,CHAR BURJAK,Nimroz,26,FALSE,M,1,4320501,4320501
2601008,2,M,9,2,6,344,PROVINCIAL CENTER (ZARANJ),Nimroz,26,FALSE,M,1,4320501,4320501
2601010,2,F,9,2,19,344,PROVINCIAL CENTER (ZARANJ),Nimroz,26,FALSE,M,1,4320501,4320501
2603022,1,M,3,13,9,346,CHAR BURJAK,Nimroz,26,FALSE,M,1,10681061,10681061
2604029,3,F,13,72,10,347,ASL-I-CHAKHANSOOR,Nimroz,26,FALSE,M,1,8047835,8047835
2602017,1,M,13,3,3,345,KANG,Nimroz,26,FALSE,M,1,8047835,8047835
2606048,1,M,2,8,0,390,DELARAM,Nimroz,26,FALSE,M,1,5798504,5798504
2601004,4,F,5,4,18,344,PROVINCIAL CENTER (ZARANJ),Nimroz,26,FALSE,M,1,6178406,6178406
2601008,3,F,8,34,14,344,PROVINCIAL CENTER (ZARANJ),Nimroz,26,FALSE,M,1,6190024,6190024
2602011,2,F,1,5,5,345,KANG,Nimroz,26,FALSE,M,1,7246439,7246439
2602016,3,F,9,3,18,345,KANG,Nimroz,26,FALSE,M,1,4320501,4320501
2604029,2,M,5,1,3,347,ASL-I-CHAKHANSOOR,Nimroz,26,FALSE,M,1,6178406,6178406
2602016,2,M,7,4,11,345,KANG,Nimroz,26,FALSE,M,1,5680060,5680060
2601002,1,M,13,52,26,344,PROVINCIAL CENTER (ZARANJ),Nimroz,26,FALSE,M,1,8047835,8047835
2604032,1,M,8,2,0,347,ASL-I-CHAKHANSOOR,Nimroz,26,FALSE,M,1,6190024,6190024
2604031,2,M,8,2,1,347,ASL-I-CHAKHANSOOR,Nimroz,26,FALSE,M,1,6190024,6190024
2601004,4,F,11,46,18,344,PROVINCIAL CENTER (ZARANJ),Nimroz,26,FALSE,F,1,5798503,5798503
2603022,3,F,11,24,5,346,CHAR BURJAK,Nimroz,26,FALSE,F,1,5798503,5798503
2601009,3,F,2,1,7,344,PROVINCIAL CENTER (ZARANJ),Nimroz,26,FALSE,M,1,5798504,5798504
2603025,3,F,3,23,3,346,CHAR BURJAK,Nimroz,26,FALSE,M,1,10681061,10681061
2603021,3,F,3,13,1,346,CHAR BURJAK,Nimroz,26,FALSE,M,1,10681061,10681061
2604034,2,M,12,5,4,347,ASL-I-CHAKHANSOOR,Nimroz,26,FALSE,F,1,4516002,4516002
2601008,1,M,8,13,12,344,PROVINCIAL CENTER (ZARANJ),Nimroz,26,FALSE,M,1,6190024,6190024
2606048,1,M,12,8,0,390,DELARAM,Nimroz,26,FALSE,F,1,4516002,4516002
2604034,1,M,7,63,2,347,ASL-I-CHAKHANSOOR,Nimroz,26,FALSE,M,1,5680060,5680060
2604034,1,M,11,1,2,347,ASL-I-CHAKHANSOOR,Nimroz,26,FALSE,F,1,5798503,5798503
2602012,1,M,12,4,15,345,KANG,Nimroz,26,FALSE,F,1,4516002,4516002
2601007,2,F,12,0,5,344,PROVINCIAL CENTER (ZARANJ),Nimroz,26,FALSE,F,1,4516002,4516002
2603023,3,F,6,7,3,346,CHAR BURJAK,Nimroz,26,FALSE,F,1,9664508,9664508
2603021,2,M,3,14,3,346,CHAR BURJAK,Nimroz,26,FALSE,M,1,10681061,10681061
2601008,2,M,7,32,6,344,PROVINCIAL CENTER (ZARANJ),Nimroz,26,FALSE,M,1,5680060,5680060
2604034,2,M,1,0,4,347,ASL-I-CHAKHANSOOR,Nimroz,26,FALSE,M,1,7246439,7246439
2606047,1,M,12,1,0,390,DELARAM,Nimroz,26,FALSE,F,1,4516002,4516002
2601010,1,M,2,1,10,344,PROVINCIAL CENTER (ZARANJ),Nimroz,26,FALSE,M,1,5798504,5798504
2602016,3,F,2,6,18,345,KANG,Nimroz,26,FALSE,M,1,5798504,5798504
2602015,2,F,1,3,4,345,KANG,Nimroz,26,FALSE,M,1,7246439,7246439
2602014,2,F,7,19,7,345,KANG,Nimroz,26,FALSE,M,1,5680060,5680060
2601010,2,F,12,13,19,344,PROVINCIAL CENTER (ZARANJ),Nimroz,26,FALSE,F,1,4516002,4516002
2602018,2,F,12,16,16,345,KANG,Nimroz,26,FALSE,F,1,4516002,4516002
2604031,3,F,11,39,6,347,ASL-I-CHAKHANSOOR,Nimroz,26,FALSE,F,1,5798503,5798503
2603028,3,F,11,4,4,346,CHAR BURJAK,Nimroz,26,FALSE,F,1,5798503,5798503
2601002,1,M,11,99,26,344,PROVINCIAL CENTER (ZARANJ),Nimroz,26,FALSE,F,1,5798503,5798503
2602018,2,F,11,38,16,345,KANG,Nimroz,26,FALSE,F,1,5798503,5798503
2603020,3,F,3,8,0,346,CHAR BURJAK,Nimroz,26,FALSE,M,1,10681061,10681061
2601002,3,F,8,24,15,344,PROVINCIAL CENTER (ZARANJ),Nimroz,26,FALSE,M,1,6190024,6190024
2601009,3,F,8,16,7,344,PROVINCIAL CENTER (ZARANJ),Nimroz,26,FALSE,M,1,6190024,6190024
2601005,3,F,8,24,25,344,PROVINCIAL CENTER (ZARANJ),Nimroz,26,FALSE,M,1,6190024,6190024
2602013,1,M,8,30,5,345,KANG,Nimroz,26,FALSE,M,1,6190024,6190024
2604036,2,M,3,12,0,347,ASL-I-CHAKHANSOOR,Nimroz,26,FALSE,M,1,10681061,10681061
2604034,3,F,9,1,16,347,ASL-I-CHAKHANSOOR,Nimroz,26,FALSE,M,1,4320501,4320501
2604032,2,M,2,1,2,347,ASL-I-CHAKHANSOOR,Nimroz,26,FALSE,M,1,5798504,5798504
2601002,1,M,7,13,26,344,PROVINCIAL CENTER (ZARANJ),Nimroz,26,FALSE,M,1,5680060,5680060
2601001,3,F,3,49,56,344,PROVINCIAL CENTER (ZARANJ),Nimroz,26,FALSE,M,1,10681061,10681061
2601006,3,F,6,147,21,344,PROVINCIAL CENTER (ZARANJ),Nimroz,26,FALSE,F,1,9664508,9664508
2603023,2,M,5,1,4,346,CHAR BURJAK,Nimroz,26,FALSE,M,1,6178406,6178406
2601003,3,F,5,3,58,344,PROVINCIAL CENTER (ZARANJ),Nimroz,26,FALSE,M,1,6178406,6178406
2602011,1,M,3,28,6,345,KANG,Nimroz,26,FALSE,M,1,10681061,10681061
2602015,1,M,11,19,6,345,KANG,Nimroz,26,FALSE,F,1,5798503,5798503
2601005,1,M,6,170,7,344,PROVINCIAL CENTER (ZARANJ),Nimroz,26,FALSE,F,1,9664508,9664508
2603025,1,M,3,14,2,346,CHAR BURJAK,Nimroz,26,FALSE,M,1,10681061,10681061
2602017,2,F,9,4,4,345,KANG,Nimroz,26,FALSE,M,1,4320501,4320501
2606054,1,M,12,12,0,390,DELARAM,Nimroz,26,FALSE,F,1,4516002,4516002
2601007,1,M,1,3,9,344,PROVINCIAL CENTER (ZARANJ),Nimroz,26,FALSE,M,1,7246439,7246439
2604036,2,M,7,1,0,347,ASL-I-CHAKHANSOOR,Nimroz,26,FALSE,M,1,5680060,5680060
2602013,2,F,11,4,6,345,KANG,Nimroz,26,FALSE,F,1,5798503,5798503
2602013,1,M,5,1,5,345,KANG,Nimroz,26,FALSE,M,1,6178406,6178406
2606049,1,M,7,2,3,390,DELARAM,Nimroz,26,FALSE,M,1,5680060,5680060
2601002,2,M,5,3,17,344,PROVINCIAL CENTER (ZARANJ),Nimroz,26,FALSE,M,1,6178406,6178406
2601005,3,F,7,2,25,344,PROVINCIAL CENTER (ZARANJ),Nimroz,26,FALSE,M,1,5680060,5680060
2601006,3,F,3,19,21,344,PROVINCIAL CENTER (ZARANJ),Nimroz,26,FALSE,M,1,10681061,10681061
2605044,2,M,3,2,0,348,KHASHROAD,Nimroz,26,FALSE,M,1,10681061,10681061
2603025,3,F,11,14,3,346,CHAR BURJAK,Nimroz,26,FALSE,F,1,5798503,5798503
2601004,4,F,8,23,18,344,PROVINCIAL CENTER (ZARANJ),Nimroz,26,FALSE,M,1,6190024,6190024
2603025,1,M,1,1,2,346,CHAR BURJAK,Nimroz,26,FALSE,M,1,7246439,7246439
2602014,2,F,6,1,7,345,KANG,Nimroz,26,FALSE,F,1,9664508,9664508
2602011,2,F,8,5,5,345,KANG,Nimroz,26,FALSE,M,1,6190024,6190024
2602014,1,M,5,1,6,345,KANG,Nimroz,26,FALSE,M,1,6178406,6178406
2606054,1,M,11,3,0,390,DELARAM,Nimroz,26,FALSE,F,1,5798503,5798503
2604036,1,M,2,2,4,347,ASL-I-CHAKHANSOOR,Nimroz,26,FALSE,M,1,5798504,5798504
2601004,3,F,3,26,16,344,PROVINCIAL CENTER (ZARANJ),Nimroz,26,FALSE,M,1,10681061,10681061
2603020,2,M,3,1,2,346,CHAR BURJAK,Nimroz,26,FALSE,M,1,10681061,10681061
2604031,3,F,6,8,6,347,ASL-I-CHAKHANSOOR,Nimroz,26,FALSE,F,1,9664508,9664508
2602012,1,M,11,22,15,345,KANG,Nimroz,26,FALSE,F,1,5798503,5798503
2601004,2,M,12,58,13,344,PROVINCIAL CENTER (ZARANJ),Nimroz,26,FALSE,F,1,4516002,4516002
2601004,4,F,9,29,18,344,PROVINCIAL CENTER (ZARANJ),Nimroz,26,FALSE,M,1,4320501,4320501
2601007,2,F,6,2,5,344,PROVINCIAL CENTER (ZARANJ),Nimroz,26,FALSE,F,1,9664508,9664508
2601008,1,M,7,45,12,344,PROVINCIAL CENTER (ZARANJ),Nimroz,26,FALSE,M,1,5680060,5680060
2604033,3,F,8,5,2,347,ASL-I-CHAKHANSOOR,Nimroz,26,FALSE,M,1,6190024,6190024
2604033,3,F,12,32,2,347,ASL-I-CHAKHANSOOR,Nimroz,26,FALSE,F,1,4516002,4516002
2601010,1,M,1,10,10,344,PROVINCIAL CENTER (ZARANJ),Nimroz,26,FALSE,M,1,7246439,7246439
2601005,3,F,11,149,25,344,PROVINCIAL CENTER (ZARANJ),Nimroz,26,FALSE,F,1,5798503,5798503
2602011,2,F,11,14,5,345,KANG,Nimroz,26,FALSE,F,1,5798503,5798503
2604029,3,F,2,3,10,347,ASL-I-CHAKHANSOOR,Nimroz,26,FALSE,M,1,5798504,5798504
2602013,2,F,6,1,6,345,KANG,Nimroz,26,FALSE,F,1,9664508,9664508
2602017,1,M,9,7,3,345,KANG,Nimroz,26,FALSE,M,1,4320501,4320501
2601002,2,M,8,21,17,344,PROVINCIAL CENTER (ZARANJ),Nimroz,26,FALSE,M,1,6190024,6190024
2603025,3,F,2,0,3,346,CHAR BURJAK,Nimroz,26,FALSE,M,1,5798504,5798504
2601004,3,F,6,85,16,344,PROVINCIAL CENTER (ZARANJ),Nimroz,26,FALSE,F,1,9664508,9664508
2601003,1,M,6,201,21,344,PROVINCIAL CENTER (ZARANJ),Nimroz,26,FALSE,F,1,9664508,9664508
2601005,1,M,7,5,7,344,PROVINCIAL CENTER (ZARANJ),Nimroz,26,FALSE,M,1,5680060,5680060
2603028,2,M,13,62,3,346,CHAR BURJAK,Nimroz,26,FALSE,M,1,8047835,8047835
2601005,3,F,9,20,25,344,PROVINCIAL CENTER (ZARANJ),Nimroz,26,FALSE,M,1,4320501,4320501
2601004,4,F,1,10,18,344,PROVINCIAL CENTER (ZARANJ),Nimroz,26,FALSE,M,1,7246439,7246439
2601003,2,M,12,52,26,344,PROVINCIAL CENTER (ZARANJ),Nimroz,26,FALSE,F,1,4516002,4516002
2601002,2,M,7,21,17,344,PROVINCIAL CENTER (ZARANJ),Nimroz,26,FALSE,M,1,5680060,5680060
2604036,1,M,1,1,4,347,ASL-I-CHAKHANSOOR,Nimroz,26,FALSE,M,1,7246439,7246439
2606048,1,M,5,1,0,390,DELARAM,Nimroz,26,FALSE,M,1,6178406,6178406
2602014,1,M,3,23,6,345,KANG,Nimroz,26,FALSE,M,1,10681061,10681061
2602015,1,M,6,9,6,345,KANG,Nimroz,26,FALSE,F,1,9664508,9664508
2604031,1,M,12,2,1,347,ASL-I-CHAKHANSOOR,Nimroz,26,FALSE,F,1,4516002,4516002
2603020,1,M,11,5,0,346,CHAR BURJAK,Nimroz,26,FALSE,F,1,5798503,5798503
2603025,2,M,1,0,3,346,CHAR BURJAK,Nimroz,26,FALSE,M,1,7246439,7246439
2601002,1,M,2,21,26,344,PROVINCIAL CENTER (ZARANJ),Nimroz,26,FALSE,M,1,5798504,5798504
2605046,3,F,1,1,0,348,KHASHROAD,Nimroz,26,FALSE,M,1,7246439,7246439
2603021,2,M,9,1,3,346,CHAR BURJAK,Nimroz,26,FALSE,M,1,4320501,4320501
2601001,2,M,5,3,9,344,PROVINCIAL CENTER (ZARANJ),Nimroz,26,FALSE,M,1,6178406,6178406
2601005,2,M,7,19,20,344,PROVINCIAL CENTER (ZARANJ),Nimroz,26,FALSE,M,1,5680060,5680060
2601009,4,F,7,10,12,344,PROVINCIAL CENTER (ZARANJ),Nimroz,26,FALSE,M,1,5680060,5680060
2602019,1,M,9,1,1,345,KANG,Nimroz,26,FALSE,M,1,4320501,4320501
2601004,4,F,7,8,18,344,PROVINCIAL CENTER (ZARANJ),Nimroz,26,FALSE,M,1,5680060,5680060
2601002,4,F,1,29,21,344,PROVINCIAL CENTER (ZARANJ),Nimroz,26,FALSE,M,1,7246439,7246439
2601006,1,M,13,25,21,344,PROVINCIAL CENTER (ZARANJ),Nimroz,26,FALSE,M,1,8047835,8047835
2601002,2,M,3,138,17,344,PROVINCIAL CENTER (ZARANJ),Nimroz,26,FALSE,M,1,10681061,10681061
2603023,2,M,3,6,4,346,CHAR BURJAK,Nimroz,26,FALSE,M,1,10681061,10681061
2606054,1,M,5,2,0,390,DELARAM,Nimroz,26,FALSE,M,1,6178406,6178406
2602011,1,M,2,1,6,345,KANG,Nimroz,26,FALSE,M,1,5798504,5798504
2602019,1,M,7,2,1,345,KANG,Nimroz,26,FALSE,M,1,5680060,5680060
2603022,2,M,11,6,0,346,CHAR BURJAK,Nimroz,26,FALSE,F,1,5798503,5798503
2603022,1,M,13,47,9,346,CHAR BURJAK,Nimroz,26,FALSE,M,1,8047835,8047835
2604029,3,F,1,4,10,347,ASL-I-CHAKHANSOOR,Nimroz,26,FALSE,M,1,7246439,7246439
2604033,2,M,7,1,1,347,ASL-I-CHAKHANSOOR,Nimroz,26,FALSE,M,1,5680060,5680060
2604029,2,M,13,23,3,347,ASL-I-CHAKHANSOOR,Nimroz,26,FALSE,M,1,8047835,8047835
2604036,2,M,12,5,0,347,ASL-I-CHAKHANSOOR,Nimroz,26,FALSE,F,1,4516002,4516002
2604029,1,M,12,8,12,347,ASL-I-CHAKHANSOOR,Nimroz,26,FALSE,F,1,4516002,4516002
2601005,1,M,8,27,7,344,PROVINCIAL CENTER (ZARANJ),Nimroz,26,FALSE,M,1,6190024,6190024
2603021,3,F,8,4,1,346,CHAR BURJAK,Nimroz,26,FALSE,M,1,6190024,6190024
2601001,1,M,12,34,12,344,PROVINCIAL CENTER (ZARANJ),Nimroz,26,FALSE,F,1,4516002,4516002
2603028,2,M,7,2,3,346,CHAR BURJAK,Nimroz,26,FALSE,M,1,5680060,5680060
2602016,1,M,12,2,17,345,KANG,Nimroz,26,FALSE,F,1,4516002,4516002
2602011,1,M,11,17,6,345,KANG,Nimroz,26,FALSE,F,1,5798503,5798503
2602019,1,M,11,1,1,345,KANG,Nimroz,26,FALSE,F,1,5798503,5798503
2601002,1,M,3,109,26,344,PROVINCIAL CENTER (ZARANJ),Nimroz,26,FALSE,M,1,10681061,10681061
2605046,3,F,7,1,0,348,KHASHROAD,Nimroz,26,FALSE,M,1,5680060,5680060
2601001,1,M,13,56,12,344,PROVINCIAL CENTER (ZARANJ),Nimroz,26,FALSE,M,1,8047835,8047835
2602016,1,M,13,18,17,345,KANG,Nimroz,26,FALSE,M,1,8047835,8047835
2601002,3,F,1,12,15,344,PROVINCIAL CENTER (ZARANJ),Nimroz,26,FALSE,M,1,7246439,7246439
2602013,1,M,7,2,5,345,KANG,Nimroz,26,FALSE,M,1,5680060,5680060
2603028,2,M,11,7,3,346,CHAR BURJAK,Nimroz,26,FALSE,F,1,5798503,5798503
2601007,2,F,11,7,5,344,PROVINCIAL CENTER (ZARANJ),Nimroz,26,FALSE,F,1,5798503,5798503
2601005,1,M,11,56,7,344,PROVINCIAL CENTER (ZARANJ),Nimroz,26,FALSE,F,1,5798503,5798503
2604034,3,F,1,0,16,347,ASL-I-CHAKHANSOOR,Nimroz,26,FALSE,M,1,7246439,7246439
2604034,2,M,5,2,4,347,ASL-I-CHAKHANSOOR,Nimroz,26,FALSE,M,1,6178406,6178406
2602013,1,M,11,1,5,345,KANG,Nimroz,26,FALSE,F,1,5798503,5798503
2604033,2,M,13,7,1,347,ASL-I-CHAKHANSOOR,Nimroz,26,FALSE,M,1,8047835,8047835
2604036,2,M,11,4,0,347,ASL-I-CHAKHANSOOR,Nimroz,26,FALSE,F,1,5798503,5798503
2603023,2,M,6,3,4,346,CHAR BURJAK,Nimroz,26,FALSE,F,1,9664508,9664508
2603020,1,M,8,4,0,346,CHAR BURJAK,Nimroz,26,FALSE,M,1,6190024,6190024
2601008,1,M,2,11,12,344,PROVINCIAL CENTER (ZARANJ),Nimroz,26,FALSE,M,1,5798504,5798504
2603020,3,F,6,1,0,346,CHAR BURJAK,Nimroz,26,FALSE,F,1,9664508,9664508
2603025,2,M,6,11,3,346,CHAR BURJAK,Nimroz,26,FALSE,F,1,9664508,9664508
2603020,2,M,1,1,2,346,CHAR BURJAK,Nimroz,26,FALSE,M,1,7246439,7246439
2602019,2,F,11,1,0,345,KANG,Nimroz,26,FALSE,F,1,5798503,5798503
2602019,1,M,5,0,1,345,KANG,Nimroz,26,FALSE,M,1,6178406,6178406
2604031,1,M,9,1,1,347,ASL-I-CHAKHANSOOR,Nimroz,26,FALSE,M,1,4320501,4320501
2604036,3,F,12,11,4,347,ASL-I-CHAKHANSOOR,Nimroz,26,FALSE,F,1,4516002,4516002
2604033,3,F,11,75,2,347,ASL-I-CHAKHANSOOR,Nimroz,26,FALSE,F,1,5798503,5798503
2604036,3,F,8,36,4,347,ASL-I-CHAKHANSOOR,Nimroz,26,FALSE,M,1,6190024,6190024
2606049,1,M,3,1,3,390,DELARAM,Nimroz,26,FALSE,M,1,10681061,10681061
2601007,1,M,12,9,9,344,PROVINCIAL CENTER (ZARANJ),Nimroz,26,FALSE,F,1,4516002,4516002
2601005,1,M,13,36,7,344,PROVINCIAL CENTER (ZARANJ),Nimroz,26,FALSE,M,1,8047835,8047835
2601007,1,M,7,20,9,344,PROVINCIAL CENTER (ZARANJ),Nimroz,26,FALSE,M,1,5680060,5680060
2602017,2,F,11,24,4,345,KANG,Nimroz,26,FALSE,F,1,5798503,5798503
2602016,2,M,13,14,11,345,KANG,Nimroz,26,FALSE,M,1,8047835,8047835
2601009,4,F,5,0,12,344,PROVINCIAL CENTER (ZARANJ),Nimroz,26,FALSE,M,1,6178406,6178406
2601001,1,M,5,4,12,344,PROVINCIAL CENTER (ZARANJ),Nimroz,26,FALSE,M,1,6178406,6178406
2601010,2,F,11,52,19,344,PROVINCIAL CENTER (ZARANJ),Nimroz,26,FALSE,F,1,5798503,5798503
2603023,1,M,8,3,0,346,CHAR BURJAK,Nimroz,26,FALSE,M,1,6190024,6190024
2603025,2,M,8,3,3,346,CHAR BURJAK,Nimroz,26,FALSE,M,1,6190024,6190024
2606054,1,M,1,17,0,390,DELARAM,Nimroz,26,FALSE,M,1,7246439,7246439
2603021,2,M,6,2,3,346,CHAR BURJAK,Nimroz,26,FALSE,F,1,9664508,9664508
2601009,4,F,9,9,12,344,PROVINCIAL CENTER (ZARANJ),Nimroz,26,FALSE,M,1,4320501,4320501
2601007,1,M,13,7,9,344,PROVINCIAL CENTER (ZARANJ),Nimroz,26,FALSE,M,1,8047835,8047835
2602013,1,M,2,1,5,345,KANG,Nimroz,26,FALSE,M,1,5798504,5798504
2602013,2,F,3,34,6,345,KANG,Nimroz,26,FALSE,M,1,10681061,10681061
2604031,3,F,3,19,6,347,ASL-I-CHAKHANSOOR,Nimroz,26,FALSE,M,1,10681061,10681061
2601001,1,M,11,101,12,344,PROVINCIAL CENTER (ZARANJ),Nimroz,26,FALSE,F,1,5798503,5798503
2601009,2,M,8,9,5,344,PROVINCIAL CENTER (ZARANJ),Nimroz,26,FALSE,M,1,6190024,6190024
2602011,2,F,12,23,5,345,KANG,Nimroz,26,FALSE,F,1,4516002,4516002
2602016,2,M,8,2,11,345,KANG,Nimroz,26,FALSE,M,1,6190024,6190024
2604034,1,M,12,1,2,347,ASL-I-CHAKHANSOOR,Nimroz,26,FALSE,F,1,4516002,4516002
2604031,3,F,2,1,6,347,ASL-I-CHAKHANSOOR,Nimroz,26,FALSE,M,1,5798504,5798504
2606054,1,M,6,2,0,390,DELARAM,Nimroz,26,FALSE,F,1,9664508,9664508
2601006,2,M,9,17,16,344,PROVINCIAL CENTER (ZARANJ),Nimroz,26,FALSE,M,1,4320501,4320501
2601001,3,F,6,103,56,344,PROVINCIAL CENTER (ZARANJ),Nimroz,26,FALSE,F,1,9664508,9664508
2601003,2,M,3,29,26,344,PROVINCIAL CENTER (ZARANJ),Nimroz,26,FALSE,M,1,10681061,10681061
2601001,2,M,3,72,9,344,PROVINCIAL CENTER (ZARANJ),Nimroz,26,FALSE,M,1,10681061,10681061
2602014,2,F,11,53,7,345,KANG,Nimroz,26,FALSE,F,1,5798503,5798503
2602012,1,M,5,2,15,345,KANG,Nimroz,26,FALSE,M,1,6178406,6178406
2606049,1,M,13,3,3,390,DELARAM,Nimroz,26,FALSE,M,1,8047835,8047835
2605044,2,M,2,1,0,348,KHASHROAD,Nimroz,26,FALSE,M,1,5798504,5798504
2604033,2,M,5,1,1,347,ASL-I-CHAKHANSOOR,Nimroz,26,FALSE,M,1,6178406,6178406
2604034,1,M,1,0,2,347,ASL-I-CHAKHANSOOR,Nimroz,26,FALSE,M,1,7246439,7246439
2604032,2,M,13,7,2,347,ASL-I-CHAKHANSOOR,Nimroz,26,FALSE,M,1,8047835,8047835
2601006,3,F,11,63,21,344,PROVINCIAL CENTER (ZARANJ),Nimroz,26,FALSE,F,1,5798503,5798503
2602013,1,M,12,3,5,345,KANG,Nimroz,26,FALSE,F,1,4516002,4516002
2602011,1,M,9,2,6,345,KANG,Nimroz,26,FALSE,M,1,4320501,4320501
2604033,3,F,7,19,2,347,ASL-I-CHAKHANSOOR,Nimroz,26,FALSE,M,1,5680060,5680060
2603020,1,M,12,0,0,346,CHAR BURJAK,Nimroz,26,FALSE,F,1,4516002,4516002
2601003,3,F,12,47,58,344,PROVINCIAL CENTER (ZARANJ),Nimroz,26,FALSE,F,1,4516002,4516002
2601006,1,M,8,33,21,344,PROVINCIAL CENTER (ZARANJ),Nimroz,26,FALSE,M,1,6190024,6190024
2601006,1,M,1,46,21,344,PROVINCIAL CENTER (ZARANJ),Nimroz,26,FALSE,M,1,7246439,7246439
2603021,3,F,6,3,1,346,CHAR BURJAK,Nimroz,26,FALSE,F,1,9664508,9664508
2601007,2,F,8,0,5,344,PROVINCIAL CENTER (ZARANJ),Nimroz,26,FALSE,M,1,6190024,6190024
2601004,1,M,8,27,29,344,PROVINCIAL CENTER (ZARANJ),Nimroz,26,FALSE,M,1,6190024,6190024
2603021,3,F,11,19,1,346,CHAR BURJAK,Nimroz,26,FALSE,F,1,5798503,5798503
2604032,3,F,8,3,8,347,ASL-I-CHAKHANSOOR,Nimroz,26,FALSE,M,1,6190024,6190024
2604033,2,M,8,3,1,347,ASL-I-CHAKHANSOOR,Nimroz,26,FALSE,M,1,6190024,6190024
2606047,1,M,9,2,0,390,DELARAM,Nimroz,26,FALSE,M,1,4320501,4320501
2606054,1,M,2,17,0,390,DELARAM,Nimroz,26,FALSE,M,1,5798504,5798504
2602011,2,F,6,10,5,345,KANG,Nimroz,26,FALSE,F,1,9664508,9664508
2602017,2,F,8,8,4,345,KANG,Nimroz,26,FALSE,M,1,6190024,6190024
2604036,1,M,8,12,4,347,ASL-I-CHAKHANSOOR,Nimroz,26,FALSE,M,1,6190024,6190024
2605044,2,M,13,0,0,348,KHASHROAD,Nimroz,26,FALSE,M,1,8047835,8047835
2601006,2,M,1,26,16,344,PROVINCIAL CENTER (ZARANJ),Nimroz,26,FALSE,M,1,7246439,7246439
2601010,1,M,8,15,10,344,PROVINCIAL CENTER (ZARANJ),Nimroz,26,FALSE,M,1,6190024,6190024
2601009,4,F,11,37,12,344,PROVINCIAL CENTER (ZARANJ),Nimroz,26,FALSE,F,1,5798503,5798503
2603021,2,M,11,3,3,346,CHAR BURJAK,Nimroz,26,FALSE,F,1,5798503,5798503
2604029,1,M,7,7,12,347,ASL-I-CHAKHANSOOR,Nimroz,26,FALSE,M,1,5680060,5680060
2604033,1,M,8,3,3,347,ASL-I-CHAKHANSOOR,Nimroz,26,FALSE,M,1,6190024,6190024
2604031,3,F,12,12,6,347,ASL-I-CHAKHANSOOR,Nimroz,26,FALSE,F,1,4516002,4516002
2601001,1,M,1,24,12,344,PROVINCIAL CENTER (ZARANJ),Nimroz,26,FALSE,M,1,7246439,7246439
2601009,1,M,1,46,16,344,PROVINCIAL CENTER (ZARANJ),Nimroz,26,FALSE,M,1,7246439,7246439
2601003,2,M,1,40,26,344,PROVINCIAL CENTER (ZARANJ),Nimroz,26,FALSE,M,1,7246439,7246439
2601001,3,F,1,10,56,344,PROVINCIAL CENTER (ZARANJ),Nimroz,26,FALSE,M,1,7246439,7246439
2601005,3,F,6,121,25,344,PROVINCIAL CENTER (ZARANJ),Nimroz,26,FALSE,F,1,9664508,9664508
2601009,1,M,7,16,16,344,PROVINCIAL CENTER (ZARANJ),Nimroz,26,FALSE,M,1,5680060,5680060
2602012,1,M,8,7,15,345,KANG,Nimroz,26,FALSE,M,1,6190024,6190024
2606047,1,M,6,3,0,390,DELARAM,Nimroz,26,FALSE,F,1,9664508,9664508
2602011,2,F,7,2,5,345,KANG,Nimroz,26,FALSE,M,1,5680060,5680060
2602014,2,F,13,3,7,345,KANG,Nimroz,26,FALSE,M,1,8047835,8047835
2602016,1,M,1,3,17,345,KANG,Nimroz,26,FALSE,M,1,7246439,7246439
2604033,1,M,11,35,3,347,ASL-I-CHAKHANSOOR,Nimroz,26,FALSE,F,1,5798503,5798503
2601001,2,M,11,57,9,344,PROVINCIAL CENTER (ZARANJ),Nimroz,26,FALSE,F,1,5798503,5798503
2601002,4,F,9,24,21,344,PROVINCIAL CENTER (ZARANJ),Nimroz,26,FALSE,M,1,4320501,4320501
2602017,2,F,3,8,4,345,KANG,Nimroz,26,FALSE,M,1,10681061,10681061
2601006,2,M,13,12,16,344,PROVINCIAL CENTER (ZARANJ),Nimroz,26,FALSE,M,1,8047835,8047835
2604034,2,M,2,1,4,347,ASL-I-CHAKHANSOOR,Nimroz,26,FALSE,M,1,5798504,5798504
2604031,2,M,13,3,1,347,ASL-I-CHAKHANSOOR,Nimroz,26,FALSE,M,1,8047835,8047835
2604029,3,F,3,17,10,347,ASL-I-CHAKHANSOOR,Nimroz,26,FALSE,M,1,10681061,10681061
2606047,3,F,7,2,7,390,DELARAM,Nimroz,26,FALSE,M,1,5680060,5680060
2606047,1,M,5,1,0,390,DELARAM,Nimroz,26,FALSE,M,1,6178406,6178406
2601002,2,M,2,16,17,344,PROVINCIAL CENTER (ZARANJ),Nimroz,26,FALSE,M,1,5798504,5798504
2601006,1,M,5,7,21,344,PROVINCIAL CENTER (ZARANJ),Nimroz,26,FALSE,M,1,6178406,6178406
2604029,3,F,11,120,10,347,ASL-I-CHAKHANSOOR,Nimroz,26,FALSE,F,1,5798503,5798503
2602019,1,M,12,0,1,345,KANG,Nimroz,26,FALSE,F,1,4516002,4516002
2601005,2,M,12,29,20,344,PROVINCIAL CENTER (ZARANJ),Nimroz,26,FALSE,F,1,4516002,4516002
2601005,2,M,1,18,20,344,PROVINCIAL CENTER (ZARANJ),Nimroz,26,FALSE,M,1,7246439,7246439
2601005,2,M,5,3,20,344,PROVINCIAL CENTER (ZARANJ),Nimroz,26,FALSE,M,1,6178406,6178406
2601002,4,F,7,14,21,344,PROVINCIAL CENTER (ZARANJ),Nimroz,26,FALSE,M,1,5680060,5680060
2602019,1,M,3,7,1,345,KANG,Nimroz,26,FALSE,M,1,10681061,10681061
2604032,3,F,3,3,8,347,ASL-I-CHAKHANSOOR,Nimroz,26,FALSE,M,1,10681061,10681061
2601002,3,F,12,24,15,344,PROVINCIAL CENTER (ZARANJ),Nimroz,26,FALSE,F,1,4516002,4516002
2601003,1,M,12,63,21,344,PROVINCIAL CENTER (ZARANJ),Nimroz,26,FALSE,F,1,4516002,4516002
2601005,2,M,6,172,20,344,PROVINCIAL CENTER (ZARANJ),Nimroz,26,FALSE,F,1,9664508,9664508
2601010,2,F,7,57,19,344,PROVINCIAL CENTER (ZARANJ),Nimroz,26,FALSE,M,1,5680060,5680060
2601009,2,M,9,13,5,344,PROVINCIAL CENTER (ZARANJ),Nimroz,26,FALSE,M,1,4320501,4320501
2601004,2,M,11,97,13,344,PROVINCIAL CENTER (ZARANJ),Nimroz,26,FALSE,F,1,5798503,5798503
2606047,1,M,13,3,0,390,DELARAM,Nimroz,26,FALSE,M,1,8047835,8047835
2602016,3,F,1,3,18,345,KANG,Nimroz,26,FALSE,M,1,7246439,7246439
2604029,2,M,1,2,3,347,ASL-I-CHAKHANSOOR,Nimroz,26,FALSE,M,1,7246439,7246439
2601009,2,M,11,27,5,344,PROVINCIAL CENTER (ZARANJ),Nimroz,26,FALSE,F,1,5798503,5798503
2601010,2,F,3,14,19,344,PROVINCIAL CENTER (ZARANJ),Nimroz,26,FALSE,M,1,10681061,10681061
2603021,1,M,12,1,1,346,CHAR BURJAK,Nimroz,26,FALSE,F,1,4516002,4516002
2604031,3,F,13,7,6,347,ASL-I-CHAKHANSOOR,Nimroz,26,FALSE,M,1,8047835,8047835
2604033,3,F,3,4,2,347,ASL-I-CHAKHANSOOR,Nimroz,26,FALSE,M,1,10681061,10681061
2601006,3,F,5,3,21,344,PROVINCIAL CENTER (ZARANJ),Nimroz,26,FALSE,M,1,6178406,6178406
2601010,2,F,5,1,19,344,PROVINCIAL CENTER (ZARANJ),Nimroz,26,FALSE,M,1,6178406,6178406
2602015,2,F,3,7,4,345,KANG,Nimroz,26,FALSE,M,1,10681061,10681061
2602011,1,M,8,2,6,345,KANG,Nimroz,26,FALSE,M,1,6190024,6190024
2603023,3,F,9,1,3,346,CHAR BURJAK,Nimroz,26,FALSE,M,1,4320501,4320501
2601004,1,M,9,49,29,344,PROVINCIAL CENTER (ZARANJ),Nimroz,26,FALSE,M,1,4320501,4320501
2605046,3,F,3,5,0,348,KHASHROAD,Nimroz,26,FALSE,M,1,10681061,10681061
2604029,3,F,6,14,10,347,ASL-I-CHAKHANSOOR,Nimroz,26,FALSE,F,1,9664508,9664508
2604033,2,M,3,6,1,347,ASL-I-CHAKHANSOOR,Nimroz,26,FALSE,M,1,10681061,10681061
2604029,2,M,2,2,3,347,ASL-I-CHAKHANSOOR,Nimroz,26,FALSE,M,1,5798504,5798504
2604029,3,F,8,6,10,347,ASL-I-CHAKHANSOOR,Nimroz,26,FALSE,M,1,6190024,6190024
2603022,2,M,7,3,0,346,CHAR BURJAK,Nimroz,26,FALSE,M,1,5680060,5680060
2603023,3,F,7,1,3,346,CHAR BURJAK,Nimroz,26,FALSE,M,1,5680060,5680060
2605044,2,M,11,1,0,348,KHASHROAD,Nimroz,26,FALSE,F,1,5798503,5798503
2601007,2,F,9,0,5,344,PROVINCIAL CENTER (ZARANJ),Nimroz,26,FALSE,M,1,4320501,4320501
2603022,2,M,6,2,0,346,CHAR BURJAK,Nimroz,26,FALSE,F,1,9664508,9664508
2604034,1,M,13,4,2,347,ASL-I-CHAKHANSOOR,Nimroz,26,FALSE,M,1,8047835,8047835
2604033,3,F,13,9,2,347,ASL-I-CHAKHANSOOR,Nimroz,26,FALSE,M,1,8047835,8047835
2606054,1,M,7,11,0,390,DELARAM,Nimroz,26,FALSE,M,1,5680060,5680060
2603025,1,M,5,1,2,346,CHAR BURJAK,Nimroz,26,FALSE,M,1,6178406,6178406
2603022,3,F,13,9,5,346,CHAR BURJAK,Nimroz,26,FALSE,M,1,8047835,8047835
2601009,3,F,13,4,7,344,PROVINCIAL CENTER (ZARANJ),Nimroz,26,FALSE,M,1,8047835,8047835
2601008,1,M,3,17,12,344,PROVINCIAL CENTER (ZARANJ),Nimroz,26,FALSE,M,1,10681061,10681061
2601008,3,F,6,39,14,344,PROVINCIAL CENTER (ZARANJ),Nimroz,26,FALSE,F,1,9664508,9664508
2602014,1,M,12,6,6,345,KANG,Nimroz,26,FALSE,F,1,4516002,4516002
2602012,2,F,7,48,11,345,KANG,Nimroz,26,FALSE,M,1,5680060,5680060
2605046,1,M,3,7,2,348,KHASHROAD,Nimroz,26,FALSE,M,1,10681061,10681061
2604033,1,M,7,6,3,347,ASL-I-CHAKHANSOOR,Nimroz,26,FALSE,M,1,5680060,5680060
2604033,2,M,1,3,1,347,ASL-I-CHAKHANSOOR,Nimroz,26,FALSE,M,1,7246439,7246439
2603023,2,M,11,3,4,346,CHAR BURJAK,Nimroz,26,FALSE,F,1,5798503,5798503
2603023,2,M,8,11,4,346,CHAR BURJAK,Nimroz,26,FALSE,M,1,6190024,6190024
2601004,2,M,6,100,13,344,PROVINCIAL CENTER (ZARANJ),Nimroz,26,FALSE,F,1,9664508,9664508
2603025,1,M,6,10,2,346,CHAR BURJAK,Nimroz,26,FALSE,F,1,9664508,9664508
2605046,1,M,1,7,2,348,KHASHROAD,Nimroz,26,FALSE,M,1,7246439,7246439
2604029,2,M,8,7,3,347,ASL-I-CHAKHANSOOR,Nimroz,26,FALSE,M,1,6190024,6190024
2605044,2,M,8,0,0,348,KHASHROAD,Nimroz,26,FALSE,M,1,6190024,6190024
2602014,1,M,9,16,6,345,KANG,Nimroz,26,FALSE,M,1,4320501,4320501
2602011,2,F,9,6,5,345,KANG,Nimroz,26,FALSE,M,1,4320501,4320501
2602018,2,F,3,16,16,345,KANG,Nimroz,26,FALSE,M,1,10681061,10681061
2602018,1,M,12,14,9,345,KANG,Nimroz,26,FALSE,F,1,4516002,4516002
2601008,2,M,1,7,6,344,PROVINCIAL CENTER (ZARANJ),Nimroz,26,FALSE,M,1,7246439,7246439
2601002,2,M,13,43,17,344,PROVINCIAL CENTER (ZARANJ),Nimroz,26,FALSE,M,1,8047835,8047835
2601006,1,M,11,55,21,344,PROVINCIAL CENTER (ZARANJ),Nimroz,26,FALSE,F,1,5798503,5798503
2603025,1,M,8,2,2,346,CHAR BURJAK,Nimroz,26,FALSE,M,1,6190024,6190024
2601002,4,F,8,40,21,344,PROVINCIAL CENTER (ZARANJ),Nimroz,26,FALSE,M,1,6190024,6190024
2602013,2,F,2,0,6,345,KANG,Nimroz,26,FALSE,M,1,5798504,5798504
2602016,3,F,6,6,18,345,KANG,Nimroz,26,FALSE,F,1,9664508,9664508
2606054,1,M,13,2,0,390,DELARAM,Nimroz,26,FALSE,M,1,8047835,8047835
2603021,3,F,7,6,1,346,CHAR BURJAK,Nimroz,26,FALSE,M,1,5680060,5680060
2606048,1,M,9,5,0,390,DELARAM,Nimroz,26,FALSE,M,1,4320501,4320501
2601005,2,M,3,25,20,344,PROVINCIAL CENTER (ZARANJ),Nimroz,26,FALSE,M,1,10681061,10681061
2601009,2,M,3,12,5,344,PROVINCIAL CENTER (ZARANJ),Nimroz,26,FALSE,M,1,10681061,10681061
2603020,3,F,12,0,0,346,CHAR BURJAK,Nimroz,26,FALSE,F,1,4516002,4516002
2605044,2,M,6,1,0,348,KHASHROAD,Nimroz,26,FALSE,F,1,9664508,9664508
2602014,1,M,8,28,6,345,KANG,Nimroz,26,FALSE,M,1,6190024,6190024
2601003,3,F,11,148,58,344,PROVINCIAL CENTER (ZARANJ),Nimroz,26,FALSE,F,1,5798503,5798503
2604034,3,F,2,2,16,347,ASL-I-CHAKHANSOOR,Nimroz,26,FALSE,M,1,5798504,5798504
2601006,3,F,7,68,21,344,PROVINCIAL CENTER (ZARANJ),Nimroz,26,FALSE,M,1,5680060,5680060
2604032,2,M,11,7,2,347,ASL-I-CHAKHANSOOR,Nimroz,26,FALSE,F,1,5798503,5798503
2602014,2,F,3,7,7,345,KANG,Nimroz,26,FALSE,M,1,10681061,10681061
2601002,3,F,3,91,15,344,PROVINCIAL CENTER (ZARANJ),Nimroz,26,FALSE,M,1,10681061,10681061
2601009,1,M,3,32,16,344,PROVINCIAL CENTER (ZARANJ),Nimroz,26,FALSE,M,1,10681061,10681061
2602019,1,M,1,1,1,345,KANG,Nimroz,26,FALSE,M,1,7246439,7246439
2605044,2,M,9,0,0,348,KHASHROAD,Nimroz,26,FALSE,M,1,4320501,4320501
2604031,1,M,13,6,1,347,ASL-I-CHAKHANSOOR,Nimroz,26,FALSE,M,1,8047835,8047835
2601006,2,M,11,22,16,344,PROVINCIAL CENTER (ZARANJ),Nimroz,26,FALSE,F,1,5798503,5798503
2606048,1,M,3,1,0,390,DELARAM,Nimroz,26,FALSE,M,1,10681061,10681061
2601009,4,F,13,5,12,344,PROVINCIAL CENTER (ZARANJ),Nimroz,26,FALSE,M,1,8047835,8047835
2605046,3,F,11,1,0,348,KHASHROAD,Nimroz,26,FALSE,F,1,5798503,5798503
2602013,2,F,13,11,6,345,KANG,Nimroz,26,FALSE,M,1,8047835,8047835
2602013,2,F,5,2,6,345,KANG,Nimroz,26,FALSE,M,1,6178406,6178406
2602019,2,F,3,15,0,345,KANG,Nimroz,26,FALSE,M,1,10681061,10681061
2601003,2,M,5,11,26,344,PROVINCIAL CENTER (ZARANJ),Nimroz,26,FALSE,M,1,6178406,6178406
2601004,3,F,8,41,16,344,PROVINCIAL CENTER (ZARANJ),Nimroz,26,FALSE,M,1,6190024,6190024
2603020,1,M,1,0,0,346,CHAR BURJAK,Nimroz,26,FALSE,M,1,7246439,7246439
2604034,3,F,8,2,16,347,ASL-I-CHAKHANSOOR,Nimroz,26,FALSE,M,1,6190024,6190024
2604034,1,M,9,1,2,347,ASL-I-CHAKHANSOOR,Nimroz,26,FALSE,M,1,4320501,4320501
2603025,3,F,13,38,3,346,CHAR BURJAK,Nimroz,26,FALSE,M,1,8047835,8047835
2606047,1,M,8,2,0,390,DELARAM,Nimroz,26,FALSE,M,1,6190024,6190024
2603020,3,F,1,0,0,346,CHAR BURJAK,Nimroz,26,FALSE,M,1,7246439,7246439
2601001,1,M,9,53,12,344,PROVINCIAL CENTER (ZARANJ),Nimroz,26,FALSE,M,1,4320501,4320501
2601006,3,F,1,16,21,344,PROVINCIAL CENTER (ZARANJ),Nimroz,26,FALSE,M,1,7246439,7246439
2605044,1,M,6,1,0,348,KHASHROAD,Nimroz,26,FALSE,F,1,9664508,9664508
2603025,1,M,11,7,2,346,CHAR BURJAK,Nimroz,26,FALSE,F,1,5798503,5798503
2601006,1,M,7,34,21,344,PROVINCIAL CENTER (ZARANJ),Nimroz,26,FALSE,M,1,5680060,5680060
2604036,1,M,7,5,4,347,ASL-I-CHAKHANSOOR,Nimroz,26,FALSE,M,1,5680060,5680060
2601001,1,M,2,21,12,344,PROVINCIAL CENTER (ZARANJ),Nimroz,26,FALSE,M,1,5798504,5798504
2603021,2,M,12,4,3,346,CHAR BURJAK,Nimroz,26,FALSE,F,1,4516002,4516002
2601010,1,M,3,23,10,344,PROVINCIAL CENTER (ZARANJ),Nimroz,26,FALSE,M,1,10681061,10681061
2603023,1,M,6,7,0,346,CHAR BURJAK,Nimroz,26,FALSE,F,1,9664508,9664508
2601001,2,M,8,15,9,344,PROVINCIAL CENTER (ZARANJ),Nimroz,26,FALSE,M,1,6190024,6190024
2603028,1,M,3,3,1,346,CHAR BURJAK,Nimroz,26,FALSE,M,1,10681061,10681061
2603028,3,F,9,0,4,346,CHAR BURJAK,Nimroz,26,FALSE,M,1,4320501,4320501
2603028,2,M,9,1,3,346,CHAR BURJAK,Nimroz,26,FALSE,M,1,4320501,4320501
2603022,3,F,12,1,5,346,CHAR BURJAK,Nimroz,26,FALSE,F,1,4516002,4516002
2602017,2,F,1,1,4,345,KANG,Nimroz,26,FALSE,M,1,7246439,7246439
2602015,2,F,11,18,4,345,KANG,Nimroz,26,FALSE,F,1,5798503,5798503
2602015,1,M,3,17,6,345,KANG,Nimroz,26,FALSE,M,1,10681061,10681061
2602015,2,F,9,51,4,345,KANG,Nimroz,26,FALSE,M,1,4320501,4320501
2602018,2,F,6,1,16,345,KANG,Nimroz,26,FALSE,F,1,9664508,9664508
2602017,2,F,12,3,4,345,KANG,Nimroz,26,FALSE,F,1,4516002,4516002
2606054,1,M,9,0,0,390,DELARAM,Nimroz,26,FALSE,M,1,4320501,4320501
2604034,1,M,8,0,2,347,ASL-I-CHAKHANSOOR,Nimroz,26,FALSE,M,1,6190024,6190024
2602015,2,F,7,14,4,345,KANG,Nimroz,26,FALSE,M,1,5680060,5680060
2604036,1,M,13,7,4,347,ASL-I-CHAKHANSOOR,Nimroz,26,FALSE,M,1,8047835,8047835
2604032,1,M,6,6,0,347,ASL-I-CHAKHANSOOR,Nimroz,26,FALSE,F,1,9664508,9664508
2601005,3,F,13,13,25,344,PROVINCIAL CENTER (ZARANJ),Nimroz,26,FALSE,M,1,8047835,8047835
2605044,1,M,2,1,0,348,KHASHROAD,Nimroz,26,FALSE,M,1,5798504,5798504
2601008,2,M,11,37,6,344,PROVINCIAL CENTER (ZARANJ),Nimroz,26,FALSE,F,1,5798503,5798503
2603020,3,F,11,20,0,346,CHAR BURJAK,Nimroz,26,FALSE,F,1,5798503,5798503
2601006,3,F,8,25,21,344,PROVINCIAL CENTER (ZARANJ),Nimroz,26,FALSE,M,1,6190024,6190024
2603022,1,M,6,4,9,346,CHAR BURJAK,Nimroz,26,FALSE,F,1,9664508,9664508
2601009,3,F,9,7,7,344,PROVINCIAL CENTER (ZARANJ),Nimroz,26,FALSE,M,1,4320501,4320501
2603020,2,M,9,3,2,346,CHAR BURJAK,Nimroz,26,FALSE,M,1,4320501,4320501
2601004,3,F,9,28,16,344,PROVINCIAL CENTER (ZARANJ),Nimroz,26,FALSE,M,1,4320501,4320501
2604034,3,F,6,4,16,347,ASL-I-CHAKHANSOOR,Nimroz,26,FALSE,F,1,9664508,9664508
2604029,2,M,11,27,3,347,ASL-I-CHAKHANSOOR,Nimroz,26,FALSE,F,1,5798503,5798503
2604031,2,M,1,0,1,347,ASL-I-CHAKHANSOOR,Nimroz,26,FALSE,M,1,7246439,7246439
2604031,3,F,1,2,6,347,ASL-I-CHAKHANSOOR,Nimroz,26,FALSE,M,1,7246439,7246439
2601003,2,M,13,43,26,344,PROVINCIAL CENTER (ZARANJ),Nimroz,26,FALSE,M,1,8047835,8047835
2601001,1,M,7,44,12,344,PROVINCIAL CENTER (ZARANJ),Nimroz,26,FALSE,M,1,5680060,5680060
2603021,1,M,8,1,1,346,CHAR BURJAK,Nimroz,26,FALSE,M,1,6190024,6190024
2601008,2,M,8,16,6,344,PROVINCIAL CENTER (ZARANJ),Nimroz,26,FALSE,M,1,6190024,6190024
2604034,2,M,3,6,4,347,ASL-I-CHAKHANSOOR,Nimroz,26,FALSE,M,1,10681061,10681061
2602015,2,F,13,23,4,345,KANG,Nimroz,26,FALSE,M,1,8047835,8047835
2602016,2,M,2,11,11,345,KANG,Nimroz,26,FALSE,M,1,5798504,5798504
2601009,3,F,7,9,7,344,PROVINCIAL CENTER (ZARANJ),Nimroz,26,FALSE,M,1,5680060,5680060
2602013,1,M,1,1,5,345,KANG,Nimroz,26,FALSE,M,1,7246439,7246439
2606047,3,F,2,1,7,390,DELARAM,Nimroz,26,FALSE,M,1,5798504,5798504
2601004,2,M,2,8,13,344,PROVINCIAL CENTER (ZARANJ),Nimroz,26,FALSE,M,1,5798504,5798504
2603020,3,F,2,0,0,346,CHAR BURJAK,Nimroz,26,FALSE,M,1,5798504,5798504
2603025,2,M,3,4,3,346,CHAR BURJAK,Nimroz,26,FALSE,M,1,10681061,10681061
2604033,1,M,6,6,3,347,ASL-I-CHAKHANSOOR,Nimroz,26,FALSE,F,1,9664508,9664508
2604031,3,F,7,45,6,347,ASL-I-CHAKHANSOOR,Nimroz,26,FALSE,M,1,5680060,5680060
2604032,1,M,3,6,0,347,ASL-I-CHAKHANSOOR,Nimroz,26,FALSE,M,1,10681061,10681061
2604033,1,M,12,18,3,347,ASL-I-CHAKHANSOOR,Nimroz,26,FALSE,F,1,4516002,4516002
2604029,1,M,3,20,12,347,ASL-I-CHAKHANSOOR,Nimroz,26,FALSE,M,1,10681061,10681061
2601008,2,M,12,9,6,344,PROVINCIAL CENTER (ZARANJ),Nimroz,26,FALSE,F,1,4516002,4516002
2601008,3,F,12,22,14,344,PROVINCIAL CENTER (ZARANJ),Nimroz,26,FALSE,F,1,4516002,4516002
2601008,3,F,3,37,14,344,PROVINCIAL CENTER (ZARANJ),Nimroz,26,FALSE,M,1,10681061,10681061
2603021,1,M,9,5,1,346,CHAR BURJAK,Nimroz,26,FALSE,M,1,4320501,4320501
2601008,3,F,2,2,14,344,PROVINCIAL CENTER (ZARANJ),Nimroz,26,FALSE,M,1,5798504,5798504
2601005,1,M,2,13,7,344,PROVINCIAL CENTER (ZARANJ),Nimroz,26,FALSE,M,1,5798504,5798504
2601010,1,M,5,1,10,344,PROVINCIAL CENTER (ZARANJ),Nimroz,26,FALSE,M,1,6178406,6178406
2604032,1,M,2,2,0,347,ASL-I-CHAKHANSOOR,Nimroz,26,FALSE,M,1,5798504,5798504
2603020,1,M,9,1,0,346,CHAR BURJAK,Nimroz,26,FALSE,M,1,4320501,4320501
2602016,1,M,8,14,17,345,KANG,Nimroz,26,FALSE,M,1,6190024,6190024
2605044,1,M,7,1,0,348,KHASHROAD,Nimroz,26,FALSE,M,1,5680060,5680060
2602012,1,M,13,11,15,345,KANG,Nimroz,26,FALSE,M,1,8047835,8047835
2602019,2,F,7,2,0,345,KANG,Nimroz,26,FALSE,M,1,5680060,5680060
2606047,3,F,3,4,7,390,DELARAM,Nimroz,26,FALSE,M,1,10681061,10681061
2604029,1,M,11,44,12,347,ASL-I-CHAKHANSOOR,Nimroz,26,FALSE,F,1,5798503,5798503
2603023,2,M,7,2,4,346,CHAR BURJAK,Nimroz,26,FALSE,M,1,5680060,5680060
2603028,3,F,8,0,4,346,CHAR BURJAK,Nimroz,26,FALSE,M,1,6190024,6190024
2601004,3,F,5,1,16,344,PROVINCIAL CENTER (ZARANJ),Nimroz,26,FALSE,M,1,6178406,6178406
2603020,3,F,5,1,0,346,CHAR BURJAK,Nimroz,26,FALSE,M,1,6178406,6178406
2604032,3,F,7,87,8,347,ASL-I-CHAKHANSOOR,Nimroz,26,FALSE,M,1,5680060,5680060
2602012,2,F,9,1,11,345,KANG,Nimroz,26,FALSE,M,1,4320501,4320501
2602017,1,M,3,20,3,345,KANG,Nimroz,26,FALSE,M,1,10681061,10681061
2604029,1,M,13,39,12,347,ASL-I-CHAKHANSOOR,Nimroz,26,FALSE,M,1,8047835,8047835
2601007,2,F,7,9,5,344,PROVINCIAL CENTER (ZARANJ),Nimroz,26,FALSE,M,1,5680060,5680060
2604034,1,M,2,0,2,347,ASL-I-CHAKHANSOOR,Nimroz,26,FALSE,M,1,5798504,5798504
2604031,2,M,2,0,1,347,ASL-I-CHAKHANSOOR,Nimroz,26,FALSE,M,1,5798504,5798504
2602012,2,F,11,12,11,345,KANG,Nimroz,26,FALSE,F,1,5798503,5798503
2601002,4,F,12,37,21,344,PROVINCIAL CENTER (ZARANJ),Nimroz,26,FALSE,F,1,4516002,4516002
2601004,4,F,6,57,18,344,PROVINCIAL CENTER (ZARANJ),Nimroz,26,FALSE,F,1,9664508,9664508
2601002,1,M,8,35,26,344,PROVINCIAL CENTER (ZARANJ),Nimroz,26,FALSE,M,1,6190024,6190024
2601005,1,M,5,9,7,344,PROVINCIAL CENTER (ZARANJ),Nimroz,26,FALSE,M,1,6178406,6178406
2603028,2,M,8,1,3,346,CHAR BURJAK,Nimroz,26,FALSE,M,1,6190024,6190024
2601005,2,M,8,17,20,344,PROVINCIAL CENTER (ZARANJ),Nimroz,26,FALSE,M,1,6190024,6190024
2601001,3,F,2,10,56,344,PROVINCIAL CENTER (ZARANJ),Nimroz,26,FALSE,M,1,5798504,5798504
2606049,1,M,1,20,3,390,DELARAM,Nimroz,26,FALSE,M,1,7246439,7246439
2603021,1,M,6,3,1,346,CHAR BURJAK,Nimroz,26,FALSE,F,1,9664508,9664508
2601006,1,M,3,27,21,344,PROVINCIAL CENTER (ZARANJ),Nimroz,26,FALSE,M,1,10681061,10681061
2602011,1,M,12,27,6,345,KANG,Nimroz,26,FALSE,F,1,4516002,4516002
2602014,1,M,2,2,6,345,KANG,Nimroz,26,FALSE,M,1,5798504,5798504
2601003,3,F,13,35,58,344,PROVINCIAL CENTER (ZARANJ),Nimroz,26,FALSE,M,1,8047835,8047835
2602012,1,M,7,35,15,345,KANG,Nimroz,26,FALSE,M,1,5680060,5680060
2604034,1,M,6,3,2,347,ASL-I-CHAKHANSOOR,Nimroz,26,FALSE,F,1,9664508,9664508
2601002,2,M,1,31,17,344,PROVINCIAL CENTER (ZARANJ),Nimroz,26,FALSE,M,1,7246439,7246439
2605044,2,M,1,22,0,348,KHASHROAD,Nimroz,26,FALSE,M,1,7246439,7246439
2601002,3,F,2,3,15,344,PROVINCIAL CENTER (ZARANJ),Nimroz,26,FALSE,M,1,5798504,5798504
2606047,3,F,8,1,7,390,DELARAM,Nimroz,26,FALSE,M,1,6190024,6190024
2606054,1,M,3,4,0,390,DELARAM,Nimroz,26,FALSE,M,1,10681061,10681061
2602016,2,M,6,10,11,345,KANG,Nimroz,26,FALSE,F,1,9664508,9664508
2602012,1,M,3,82,15,345,KANG,Nimroz,26,FALSE,M,1,10681061,10681061
2604032,1,M,12,6,0,347,ASL-I-CHAKHANSOOR,Nimroz,26,FALSE,F,1,4516002,4516002
2603021,2,M,7,3,3,346,CHAR BURJAK,Nimroz,26,FALSE,M,1,5680060,5680060
2601004,3,F,2,8,16,344,PROVINCIAL CENTER (ZARANJ),Nimroz,26,FALSE,M,1,5798504,5798504
2601009,4,F,12,10,12,344,PROVINCIAL CENTER (ZARANJ),Nimroz,26,FALSE,F,1,4516002,4516002
2601005,2,M,9,43,20,344,PROVINCIAL CENTER (ZARANJ),Nimroz,26,FALSE,M,1,4320501,4320501
2601003,1,M,3,23,21,344,PROVINCIAL CENTER (ZARANJ),Nimroz,26,FALSE,M,1,10681061,10681061
2601009,1,M,6,140,16,344,PROVINCIAL CENTER (ZARANJ),Nimroz,26,FALSE,F,1,9664508,9664508
2601010,1,M,7,61,10,344,PROVINCIAL CENTER (ZARANJ),Nimroz,26,FALSE,M,1,5680060,5680060
2602011,2,F,3,27,5,345,KANG,Nimroz,26,FALSE,M,1,10681061,10681061
2604034,3,F,7,160,16,347,ASL-I-CHAKHANSOOR,Nimroz,26,FALSE,M,1,5680060,5680060
2601001,3,F,5,4,56,344,PROVINCIAL CENTER (ZARANJ),Nimroz,26,FALSE,M,1,6178406,6178406
2601006,1,M,6,219,21,344,PROVINCIAL CENTER (ZARANJ),Nimroz,26,FALSE,F,1,9664508,9664508
2601004,1,M,6,131,29,344,PROVINCIAL CENTER (ZARANJ),Nimroz,26,FALSE,F,1,9664508,9664508
2601010,2,F,1,3,19,344,PROVINCIAL CENTER (ZARANJ),Nimroz,26,FALSE,M,1,7246439,7246439
2604036,1,M,9,1,4,347,ASL-I-CHAKHANSOOR,Nimroz,26,FALSE,M,1,4320501,4320501
2601004,1,M,11,71,29,344,PROVINCIAL CENTER (ZARANJ),Nimroz,26,FALSE,F,1,5798503,5798503
2606047,3,F,1,21,7,390,DELARAM,Nimroz,26,FALSE,M,1,7246439,7246439
2601007,1,M,2,7,9,344,PROVINCIAL CENTER (ZARANJ),Nimroz,26,FALSE,M,1,5798504,5798504
2601002,1,M,1,30,26,344,PROVINCIAL CENTER (ZARANJ),Nimroz,26,FALSE,M,1,7246439,7246439
2601003,3,F,9,17,58,344,PROVINCIAL CENTER (ZARANJ),Nimroz,26,FALSE,M,1,4320501,4320501
2601002,3,F,9,12,15,344,PROVINCIAL CENTER (ZARANJ),Nimroz,26,FALSE,M,1,4320501,4320501
2601003,1,M,1,54,21,344,PROVINCIAL CENTER (ZARANJ),Nimroz,26,FALSE,M,1,7246439,7246439
2602011,2,F,13,14,5,345,KANG,Nimroz,26,FALSE,M,1,8047835,8047835
2601003,3,F,3,20,58,344,PROVINCIAL CENTER (ZARANJ),Nimroz,26,FALSE,M,1,10681061,10681061
2601006,1,M,9,33,21,344,PROVINCIAL CENTER (ZARANJ),Nimroz,26,FALSE,M,1,4320501,4320501
2603020,2,M,7,1,2,346,CHAR BURJAK,Nimroz,26,FALSE,M,1,5680060,5680060
2603028,3,F,7,0,4,346,CHAR BURJAK,Nimroz,26,FALSE,M,1,5680060,5680060
2601004,4,F,13,23,18,344,PROVINCIAL CENTER (ZARANJ),Nimroz,26,FALSE,M,1,8047835,8047835
2603021,3,F,13,111,1,346,CHAR BURJAK,Nimroz,26,FALSE,M,1,8047835,8047835
2604033,3,F,2,2,2,347,ASL-I-CHAKHANSOOR,Nimroz,26,FALSE,M,1,5798504,5798504
2601004,4,F,2,5,18,344,PROVINCIAL CENTER (ZARANJ),Nimroz,26,FALSE,M,1,5798504,5798504
2604032,1,M,9,2,0,347,ASL-I-CHAKHANSOOR,Nimroz,26,FALSE,M,1,4320501,4320501
2604034,2,M,13,9,4,347,ASL-I-CHAKHANSOOR,Nimroz,26,FALSE,M,1,8047835,8047835
2601009,3,F,11,68,7,344,PROVINCIAL CENTER (ZARANJ),Nimroz,26,FALSE,F,1,5798503,5798503
2604032,2,M,5,0,2,347,ASL-I-CHAKHANSOOR,Nimroz,26,FALSE,M,1,6178406,6178406
2601005,2,M,13,29,20,344,PROVINCIAL CENTER (ZARANJ),Nimroz,26,FALSE,M,1,8047835,8047835
2601008,3,F,7,69,14,344,PROVINCIAL CENTER (ZARANJ),Nimroz,26,FALSE,M,1,5680060,5680060
2601002,4,F,6,31,21,344,PROVINCIAL CENTER (ZARANJ),Nimroz,26,FALSE,F,1,9664508,9664508
2603022,3,F,3,1,5,346,CHAR BURJAK,Nimroz,26,FALSE,M,1,10681061,10681061
2602016,1,M,6,12,17,345,KANG,Nimroz,26,FALSE,F,1,9664508,9664508
2601001,3,F,8,24,56,344,PROVINCIAL CENTER (ZARANJ),Nimroz,26,FALSE,M,1,6190024,6190024
2603020,3,F,8,11,0,346,CHAR BURJAK,Nimroz,26,FALSE,M,1,6190024,6190024
2605044,1,M,1,30,0,348,KHASHROAD,Nimroz,26,FALSE,M,1,7246439,7246439
2604032,3,F,2,3,8,347,ASL-I-CHAKHANSOOR,Nimroz,26,FALSE,M,1,5798504,5798504
2605044,1,M,3,2,0,348,KHASHROAD,Nimroz,26,FALSE,M,1,10681061,10681061
2604032,2,M,1,1,2,347,ASL-I-CHAKHANSOOR,Nimroz,26,FALSE,M,1,7246439,7246439
2601009,1,M,11,83,16,344,PROVINCIAL CENTER (ZARANJ),Nimroz,26,FALSE,F,1,5798503,5798503
2603022,3,F,7,3,5,346,CHAR BURJAK,Nimroz,26,FALSE,M,1,5680060,5680060
2601001,3,F,12,26,56,344,PROVINCIAL CENTER (ZARANJ),Nimroz,26,FALSE,F,1,4516002,4516002
2601001,3,F,9,29,56,344,PROVINCIAL CENTER (ZARANJ),Nimroz,26,FALSE,M,1,4320501,4320501
2601002,1,M,9,45,26,344,PROVINCIAL CENTER (ZARANJ),Nimroz,26,FALSE,M,1,4320501,4320501
2602014,1,M,11,57,6,345,KANG,Nimroz,26,FALSE,F,1,5798503,5798503
2602015,1,M,2,1,6,345,KANG,Nimroz,26,FALSE,M,1,5798504,5798504
2604036,1,M,12,4,4,347,ASL-I-CHAKHANSOOR,Nimroz,26,FALSE,F,1,4516002,4516002
2604033,2,M,12,10,1,347,ASL-I-CHAKHANSOOR,Nimroz,26,FALSE,F,1,4516002,4516002
2601009,4,F,1,2,12,344,PROVINCIAL CENTER (ZARANJ),Nimroz,26,FALSE,M,1,7246439,7246439
2603028,3,F,1,0,4,346,CHAR BURJAK,Nimroz,26,FALSE,M,1,7246439,7246439
2602018,1,M,6,10,9,345,KANG,Nimroz,26,FALSE,F,1,9664508,9664508
2601004,2,M,5,2,13,344,PROVINCIAL CENTER (ZARANJ),Nimroz,26,FALSE,M,1,6178406,6178406
2602016,1,M,11,16,17,345,KANG,Nimroz,26,FALSE,F,1,5798503,5798503
2602018,1,M,11,37,9,345,KANG,Nimroz,26,FALSE,F,1,5798503,5798503
2603023,2,M,9,6,4,346,CHAR BURJAK,Nimroz,26,FALSE,M,1,4320501,4320501
2601005,1,M,12,18,7,344,PROVINCIAL CENTER (ZARANJ),Nimroz,26,FALSE,F,1,4516002,4516002
2601003,1,M,13,36,21,344,PROVINCIAL CENTER (ZARANJ),Nimroz,26,FALSE,M,1,8047835,8047835
2601009,1,M,13,17,16,344,PROVINCIAL CENTER (ZARANJ),Nimroz,26,FALSE,M,1,8047835,8047835
2601009,4,F,3,3,12,344,PROVINCIAL CENTER (ZARANJ),Nimroz,26,FALSE,M,1,10681061,10681061
2602018,1,M,7,18,9,345,KANG,Nimroz,26,FALSE,M,1,5680060,5680060
2603021,3,F,9,2,1,346,CHAR BURJAK,Nimroz,26,FALSE,M,1,4320501,4320501
2605044,3,F,3,1,0,348,KHASHROAD,Nimroz,26,FALSE,M,1,10681061,10681061
2603028,1,M,13,24,1,346,CHAR BURJAK,Nimroz,26,FALSE,M,1,8047835,8047835
2604033,1,M,13,5,3,347,ASL-I-CHAKHANSOOR,Nimroz,26,FALSE,M,1,8047835,8047835
2602015,1,M,1,2,6,345,KANG,Nimroz,26,FALSE,M,1,7246439,7246439
2606049,1,M,8,3,3,390,DELARAM,Nimroz,26,FALSE,M,1,6190024,6190024
2604032,1,M,11,23,0,347,ASL-I-CHAKHANSOOR,Nimroz,26,FALSE,F,1,5798503,5798503
2603025,1,M,7,1,2,346,CHAR BURJAK,Nimroz,26,FALSE,M,1,5680060,5680060
2603025,3,F,9,0,3,346,CHAR BURJAK,Nimroz,26,FALSE,M,1,4320501,4320501
2601010,1,M,12,30,10,344,PROVINCIAL CENTER (ZARANJ),Nimroz,26,FALSE,F,1,4516002,4516002
2601002,2,M,9,33,17,344,PROVINCIAL CENTER (ZARANJ),Nimroz,26,FALSE,M,1,4320501,4320501
2601009,4,F,2,1,12,344,PROVINCIAL CENTER (ZARANJ),Nimroz,26,FALSE,M,1,5798504,5798504
2604032,2,M,8,0,2,347,ASL-I-CHAKHANSOOR,Nimroz,26,FALSE,M,1,6190024,6190024
2602015,2,F,6,5,4,345,KANG,Nimroz,26,FALSE,F,1,9664508,9664508
2602018,1,M,9,7,9,345,KANG,Nimroz,26,FALSE,M,1,4320501,4320501
2604029,3,F,9,1,10,347,ASL-I-CHAKHANSOOR,Nimroz,26,FALSE,M,1,4320501,4320501
2601004,3,F,11,112,16,344,PROVINCIAL CENTER (ZARANJ),Nimroz,26,FALSE,F,1,5798503,5798503
2604036,1,M,11,5,4,347,ASL-I-CHAKHANSOOR,Nimroz,26,FALSE,F,1,5798503,5798503
2601008,2,M,3,11,6,344,PROVINCIAL CENTER (ZARANJ),Nimroz,26,FALSE,M,1,10681061,10681061
2601009,2,M,6,95,5,344,PROVINCIAL CENTER (ZARANJ),Nimroz,26,FALSE,F,1,9664508,9664508
2604036,1,M,6,1,4,347,ASL-I-CHAKHANSOOR,Nimroz,26,FALSE,F,1,9664508,9664508
2602015,2,F,8,3,4,345,KANG,Nimroz,26,FALSE,M,1,6190024,6190024
2603021,1,M,11,15,1,346,CHAR BURJAK,Nimroz,26,FALSE,F,1,5798503,5798503
2601005,3,F,5,6,25,344,PROVINCIAL CENTER (ZARANJ),Nimroz,26,FALSE,M,1,6178406,6178406
2601008,2,M,13,10,6,344,PROVINCIAL CENTER (ZARANJ),Nimroz,26,FALSE,M,1,8047835,8047835
2603025,2,M,9,0,3,346,CHAR BURJAK,Nimroz,26,FALSE,M,1,4320501,4320501
2601001,1,M,3,97,12,344,PROVINCIAL CENTER (ZARANJ),Nimroz,26,FALSE,M,1,10681061,10681061
2601009,3,F,3,9,7,344,PROVINCIAL CENTER (ZARANJ),Nimroz,26,FALSE,M,1,10681061,10681061
2601008,1,M,1,14,12,344,PROVINCIAL CENTER (ZARANJ),Nimroz,26,FALSE,M,1,7246439,7246439
2602016,3,F,3,60,18,345,KANG,Nimroz,26,FALSE,M,1,10681061,10681061
2604034,2,M,6,10,4,347,ASL-I-CHAKHANSOOR,Nimroz,26,FALSE,F,1,9664508,9664508
2604029,2,M,7,7,3,347,ASL-I-CHAKHANSOOR,Nimroz,26,FALSE,M,1,5680060,5680060
2605046,1,M,12,1,2,348,KHASHROAD,Nimroz,26,FALSE,F,1,4516002,4516002
2602016,2,M,1,2,11,345,KANG,Nimroz,26,FALSE,M,1,7246439,7246439
2603025,2,M,5,1,3,346,CHAR BURJAK,Nimroz,26,FALSE,M,1,6178406,6178406
2602014,2,F,12,3,7,345,KANG,Nimroz,26,FALSE,F,1,4516002,4516002
2604036,2,M,13,3,0,347,ASL-I-CHAKHANSOOR,Nimroz,26,FALSE,M,1,8047835,8047835
2605046,1,M,11,2,2,348,KHASHROAD,Nimroz,26,FALSE,F,1,5798503,5798503
2601001,3,F,7,57,56,344,PROVINCIAL CENTER (ZARANJ),Nimroz,26,FALSE,M,1,5680060,5680060
2603021,1,M,13,74,1,346,CHAR BURJAK,Nimroz,26,FALSE,M,1,8047835,8047835
2603023,2,M,13,66,4,346,CHAR BURJAK,Nimroz,26,FALSE,M,1,8047835,8047835
2604032,2,M,3,2,2,347,ASL-I-CHAKHANSOOR,Nimroz,26,FALSE,M,1,10681061,10681061
2601007,2,F,13,9,5,344,PROVINCIAL CENTER (ZARANJ),Nimroz,26,FALSE,M,1,8047835,8047835
2603020,1,M,7,1,0,346,CHAR BURJAK,Nimroz,26,FALSE,M,1,5680060,5680060
2603025,1,M,9,2,2,346,CHAR BURJAK,Nimroz,26,FALSE,M,1,4320501,4320501
2601002,2,M,6,65,17,344,PROVINCIAL CENTER (ZARANJ),Nimroz,26,FALSE,F,1,9664508,9664508
2604029,2,M,9,2,3,347,ASL-I-CHAKHANSOOR,Nimroz,26,FALSE,M,1,4320501,4320501
2601002,4,F,13,33,21,344,PROVINCIAL CENTER (ZARANJ),Nimroz,26,FALSE,M,1,8047835,8047835
2602019,2,F,13,8,0,345,KANG,Nimroz,26,FALSE,M,1,8047835,8047835
2601007,2,F,1,1,5,344,PROVINCIAL CENTER (ZARANJ),Nimroz,26,FALSE,M,1,7246439,7246439
2602014,1,M,6,10,6,345,KANG,Nimroz,26,FALSE,F,1,9664508,9664508
2601004,3,F,1,41,16,344,PROVINCIAL CENTER (ZARANJ),Nimroz,26,FALSE,M,1,7246439,7246439
2601008,1,M,11,59,12,344,PROVINCIAL CENTER (ZARANJ),Nimroz,26,FALSE,F,1,5798503,5798503
2601010,2,F,13,20,19,344,PROVINCIAL CENTER (ZARANJ),Nimroz,26,FALSE,M,1,8047835,8047835
2601008,3,F,13,11,14,344,PROVINCIAL CENTER (ZARANJ),Nimroz,26,FALSE,M,1,8047835,8047835
2606049,1,M,9,2,3,390,DELARAM,Nimroz,26,FALSE,M,1,4320501,4320501
